overlap ratio,AUC,Recall,Brier,Popt,pf,classifier
0.249411765,0.680204749,0.5,0.292349727,0.625561652,0.17767094,DT
0.230588235,0.627772138,0.391341991,0.333333333,0.591117574,0.174722033,DT
0.204705882,0.697297955,0.670886076,0.349726776,0.62349329,0.153846154,DT
0.190588235,0.663348566,0.504978355,0.357923497,0.637075797,0.278496332,DT
0.167058824,0.59237383,0.415584416,0.379781421,0.573736088,0.26474359,DT
0.162352941,0.628833204,0.418831169,0.363387978,0.606426947,0.270759587,DT
0.152941176,0.589734676,0.442640693,0.398907104,0.547188457,0.334354436,DT
0.143529412,0.576065061,0.478138528,0.401639344,0.573204271,0.299098026,DT
0.141176471,0.594907407,0.555555556,0.426229508,0.548807049,0.416666667,DT
0.223529412,0.61739418,0.317460317,0.322404372,0.544012988,0.133333333,DT
0.207058824,0.62806574,0.4,0.37704918,0.483363487,0.238938053,DT
0.197647059,0.711317136,0.512815126,0.289617486,0.659455705,0.168401232,DT
0.178823529,0.669608082,0.481012658,0.355191257,0.606646809,0.300884956,DT
0.174117647,0.670670752,0.594827586,0.316939891,0.582233241,0.265486726,DT
0.169411765,0.62646589,0.48452381,0.336065574,0.662933291,0.235088855,DT
0.155294118,0.589021164,0.465517241,0.409836066,0.447274294,0.366666667,DT
0.261176471,0.69021164,0.444444444,0.273224044,0.663262928,0.125,DT
0.237647059,0.663137526,0.432422969,0.316939891,0.609514813,0.167572464,DT
0.195294118,0.696881392,0.597548724,0.322404372,0.585818407,0.26474359,DT
0.171764706,0.670455516,0.557539683,0.333333333,0.578098161,0.241666667,DT
0.150588235,0.639417989,0.589285714,0.387978142,0.567135287,0.273504274,DT
0.254117647,0.726275862,0.396551724,0.256830601,0.526924262,0.096,DT
0.181176471,0.730417351,0.686097427,0.275956284,0.647977667,0.2445,DT
0.176470588,0.677724138,0.672413793,0.327868852,0.504796389,0.328,DT
0.185882353,0.68433253,0.621017023,0.325136612,0.585117889,0.280961538,DT
0.225882353,0.685812711,0.321428571,0.256830601,0.720402928,0.070866142,DT
0.192941176,0.770638306,0.694444444,0.240437158,0.723085952,0.210465879,DT
0.188235294,0.656144544,0.321428571,0.273224044,0.691111782,0.094488189,DT
0.16,0.731299213,0.678571429,0.267759563,0.690764311,0.244094488,DT
0.157647059,0.627281746,0.499007937,0.357923497,0.569199611,0.23523622,DT
0.277647059,0.760549872,0.558823529,0.256830601,0.70760338,0.147826087,DT
0.263529412,0.584590793,0.088235294,0.360655738,0.616079987,0.034782609,DT
0.214117647,0.69258312,0.323529412,0.316939891,0.602166265,0.104347826,DT
0.183529412,0.681774635,0.42254902,0.292349727,0.620959292,0.141215977,DT
0.136470588,0.625392707,0.517241379,0.363387978,0.592014274,0.306064506,DT
0.129411765,0.638459079,0.473972923,0.371584699,0.605952808,0.286956522,DT
0.232941176,0.605436157,0.314285714,0.387978142,0.620105209,0.097560976,DT
0.202352941,0.753473957,0.678571429,0.245901639,0.692299484,0.200995575,DT
0.134117647,0.621774586,0.523809524,0.366120219,0.564794481,0.307692308,DT
0.12,0.59838666,0.421428571,0.352459016,0.559604125,0.232051282,DT
0.122352941,0.5963615,0.5,0.398907104,0.55476486,0.330641593,DT
0.242352941,0.672665789,0.292947559,0.349726776,0.594251281,0.113852961,DT
0.228235294,0.846494709,0.714285714,0.196721311,0.771277132,0.15,DT
0.211764706,0.795965608,0.73015873,0.191256831,0.74218606,0.15,DT
0.148235294,0.657310345,0.603448276,0.325136612,0.536829054,0.289333333,DT
0.251764706,0.760176991,0.371428571,0.273224044,0.699644977,0.053097345,DT
0.145882353,0.577520396,0.433982684,0.390710383,0.480379374,0.28258547,DT
0.131764706,0.599586207,0.476190476,0.37704918,0.565560985,0.326923077,DT
0.124705882,0.597026685,0.511111111,0.393442623,0.574693461,0.341666667,DT
0.117647059,0.552124066,0.398739496,0.420765027,0.535034944,0.319983278,DT
0.112941176,0.573523699,0.430379747,0.401639344,0.57778882,0.317945882,DT
0.108235294,0.575310345,0.405063291,0.382513661,0.55806635,0.269230769,DT
0.138823529,0.604034977,0.46984127,0.420765027,0.492354417,0.348377581,DT
0.127058824,0.569072541,0.443037975,0.43715847,0.534294747,0.336538462,DT
0.110588235,0.570046778,0.444733273,0.385245902,0.568822417,0.304471545,DT
0.115294118,0.602091815,0.484126984,0.387978142,0.602768081,0.307692308,DT
0.105882353,0.580948475,0.433982684,0.382513661,0.567479192,0.290968437,DT
0.094117647,0.593011811,0.446428571,0.37704918,0.533700944,0.275590551,DT
0.103529412,0.58207672,0.439393939,0.382513661,0.550440036,0.292035398,DT
0.098823529,0.581482002,0.428571429,0.371584699,0.54495503,0.275590551,DT
0.091764706,0.577720808,0.428571429,0.379781421,0.535504395,0.283333333,DT
0.101176471,0.568386243,0.428571429,0.393442623,0.53792467,0.299212598,DT
0.087058824,0.590779591,0.444444444,0.37704918,0.542962467,0.283333333,DT
0.082352941,0.586213226,0.445436508,0.37431694,0.55205735,0.284008706,DT
0.08,0.605284553,0.455882353,0.366120219,0.588696622,0.284552846,DT
0.089411765,0.58598144,0.45,0.37704918,0.572020998,0.291338583,DT
0.077647059,0.591310625,0.437254902,0.382513661,0.558631514,0.262824664,DT
0.075294118,0.562433862,0.352941176,0.398907104,0.559194359,0.284552846,DT
0.096470588,0.579935321,0.414285714,0.387978142,0.534294383,0.280071698,DT
0.084705882,0.600319693,0.441176471,0.37704918,0.583246932,0.292035398,DT
0.072941176,0.553255373,0.364285714,0.415300546,0.584417732,0.276298576,DT
0.068235294,0.526264223,0.328571429,0.43715847,0.587164316,0.30120872,DT
0.070588235,0.540139064,0.371428571,0.418032787,0.58719334,0.287610619,DT
0.061176471,0.526611884,0.285714286,0.43715847,0.537051437,0.309734513,DT
0.058823529,0.522155499,0.292857143,0.43442623,0.508052869,0.265486726,DT
0.065882353,0.514096081,0.25,0.420765027,0.537356318,0.216814159,DT
0.063529412,0.543109987,0.342857143,0.453551913,0.600450724,0.320315506,DT
0.056470588,0.529867257,0.292857143,0.43715847,0.540769757,0.269911504,DT
0.2494117647058823,0.784733090983091,0.56998556998557,0.2404371584699453,0.6618786166459688,0.1354700854700854,GBM
0.2305882352941176,0.7092233070109176,0.4608225108225108,0.3360655737704918,0.6264302983306574,0.2171545268890401,GBM
0.2047058823529411,0.7567551119766308,0.5949367088607594,0.2786885245901639,0.5354282952805013,0.2115384615384615,GBM
0.1905882352941176,0.6773594317842107,0.4376623376623376,0.3551912568306011,0.6004625801310418,0.2350049164208456,GBM
0.1670588235294117,0.6545403670403671,0.4909812409812409,0.3524590163934425,0.5750677069584808,0.2651709401709401,GBM
0.1623529411764706,0.6521080771080772,0.5353535353535354,0.3688524590163934,0.5444962733142449,0.2948717948717948,GBM
0.1529411764705882,0.6305944202304962,0.4804372842347525,0.3934426229508196,0.5065666969985132,0.3124262536873156,GBM
0.1435294117647058,0.6374001496628079,0.4994246260069044,0.3688524590163934,0.5240095587043426,0.247522880266243,GBM
0.1411764705882353,0.5986111111111111,0.4761904761904761,0.4098360655737705,0.5109539725252428,0.3333333333333333,GBM
0.2235294117647059,0.755489417989418,0.6190476190476191,0.3005464480874317,0.624326088204828,0.192,GBM
0.2070588235294117,0.6036030341340075,0.3857142857142857,0.3934426229508196,0.520103404110153,0.2566371681415929,GBM
0.1976470588235294,0.747157068921372,0.5446428571428572,0.2896174863387978,0.6619909794345878,0.2001951083548184,GBM
0.1788235294117647,0.7138510223953262,0.569620253164557,0.3114754098360656,0.5153931010105965,0.2566371681415929,GBM
0.1741176470588235,0.7355280144690081,0.6653208206023571,0.3060109289617486,0.6029628945390804,0.2874230769230769,GBM
0.1694117647058823,0.674212901579079,0.4630952380952381,0.3278688524590163,0.6107257263810317,0.209259658968271,GBM
0.1552941176470588,0.6291005291005292,0.492063492063492,0.3879781420765027,0.5686184476324108,0.288,GBM
0.2611764705882353,0.8542328042328042,0.6984126984126984,0.1912568306010929,0.7679847798443982,0.1333333333333333,GBM
0.2376470588235294,0.7882079764272858,0.6024743230625584,0.26775956284153,0.6929899672223397,0.194927536231884,GBM
0.1952941176470588,0.7344544198183438,0.5594735784609202,0.3224043715846993,0.5959734752050568,0.2413461538461538,GBM
0.1717647058823529,0.673148148148148,0.5952380952380952,0.3524590163934425,0.5450503037509791,0.3166666666666666,GBM
0.1505882352941176,0.6775803310613437,0.5714285714285714,0.366120218579235,0.541352365755504,0.2649572649572649,GBM
0.2541176470588235,0.8280000000000001,0.6551724137931034,0.1967213114754098,0.6473175557791613,0.128,GBM
0.1811764705882353,0.7515415070242657,0.6464148877941982,0.2923497267759563,0.6193376038186458,0.2326666666666666,GBM
0.1764705882352941,0.7395172413793103,0.6724137931034483,0.3387978142076502,0.542938433455951,0.344,GBM
0.1858823529411764,0.7308190578517947,0.6480794412920122,0.3169398907103825,0.5341610157772172,0.2897692307692308,GBM
0.2258823529411764,0.8629077615298086,0.6428571428571429,0.174863387978142,0.7602986263893985,0.0944881889763779,GBM
0.1929411764705882,0.7888388951381078,0.6537698412698413,0.2431693989071038,0.6495660558226072,0.1947178477690288,GBM
0.188235294117647,0.7667322834645669,0.6428571428571429,0.2459016393442623,0.6797343768681955,0.1968503937007874,GBM
0.16,0.718082114735658,0.5535714285714286,0.3278688524590163,0.5977092389697428,0.2755905511811024,GBM
0.1576470588235294,0.7076631618831108,0.5657096171802054,0.3333333333333332,0.6113161002153638,0.2726449275362318,GBM
0.2776470588235294,0.8499360613810742,0.5882352941176471,0.2404371584699453,0.7501579128807782,0.1391304347826087,GBM
0.2635294117647059,0.8296675191815857,0.5588235294117647,0.2295081967213114,0.7509175901255428,0.1043478260869565,GBM
0.2141176470588235,0.7589514066496164,0.5735294117647058,0.2841530054644808,0.6362258886702229,0.2,GBM
0.1835294117647058,0.7497510032645083,0.5784313725490196,0.2814207650273224,0.6352447979611331,0.2073877695298691,GBM
0.1364705882352941,0.6397974380357627,0.5,0.3551912568306011,0.5407234493191153,0.3015433070866141,GBM
0.1294117647058823,0.6859264841202182,0.5383403361344539,0.3524590163934425,0.6047081948199351,0.2766304347826087,GBM
0.2329411764705882,0.8236976630963971,0.6285714285714286,0.2404371584699453,0.7191577528684978,0.1153846153846153,GBM
0.2023529411764706,0.7949650582947043,0.6238095238095238,0.2404371584699453,0.6858429369098742,0.1634955752212389,GBM
0.1341176470588235,0.6443524829600779,0.55,0.3879781420765027,0.5712112340571027,0.3043478260869565,GBM
0.12,0.6156141940590759,0.4702380952380952,0.3688524590163934,0.5139625085746484,0.2448717948717948,GBM
0.1223529411764706,0.6318965061120234,0.5073529411764706,0.3797814207650273,0.550195280032023,0.2970384615384615,GBM
0.2423529411764705,0.8014629728678402,0.5784810126582278,0.2622950819672131,0.6268068952589393,0.1529101429543907,GBM
0.228235294117647,0.8498677248677249,0.6190476190476191,0.2185792349726776,0.6793253946712958,0.1333333333333333,GBM
0.2117647058823529,0.8145502645502645,0.5714285714285714,0.2349726775956284,0.6552667952480284,0.1333333333333333,GBM
0.148235294117647,0.717896551724138,0.6278051450465243,0.3114754098360656,0.5451064767773017,0.2776666666666667,GBM
0.2517647058823529,0.8552465233881162,0.6857142857142857,0.1857923497267759,0.7367975864784202,0.1061946902654867,GBM
0.1458823529411764,0.6190476190476191,0.4761904761904761,0.3907103825136612,0.5215934364151027,0.3249999999999999,GBM
0.1317647058823529,0.623448275862069,0.492063492063492,0.4043715846994535,0.5088339611549161,0.2980769230769231,GBM
0.1247058823529411,0.6408887468030691,0.4916666666666666,0.3715846994535519,0.5217357214475014,0.2801560758082497,GBM
0.1176470588235294,0.6217137293086661,0.4294755877034357,0.3934426229508196,0.5241207804415333,0.2876843657817109,GBM
0.1129411764705882,0.6214979611340371,0.4444444444444444,0.3825136612021858,0.5676742542049013,0.2713675213675213,GBM
0.108235294117647,0.5997931034482757,0.4285714285714285,0.3989071038251366,0.5450621913558017,0.2905982905982906,GBM
0.1388235294117647,0.6013909373975745,0.473015873015873,0.3961748633879781,0.5076923098980126,0.3153023598820058,GBM
0.1270588235294117,0.5871693121693122,0.4556962025316455,0.4098360655737705,0.521544056931699,0.3307086614173228,GBM
0.1105882352941176,0.624446386946387,0.4393939393939393,0.3743169398907103,0.5650016753976883,0.2625599332916406,GBM
0.1152941176470588,0.6289653206634368,0.4761904761904761,0.3715846994535519,0.574257465952819,0.2990384615384615,GBM
0.1058823529411764,0.6236896305793943,0.4494949494949494,0.366120218579235,0.5386154078105805,0.2706104044686722,GBM
0.0941176470588235,0.5970191226096739,0.4333333333333333,0.3715846994535519,0.4979711639353536,0.2654867256637168,GBM
0.1035294117647058,0.608759842519685,0.430379746835443,0.3825136612021858,0.522833274999962,0.28,GBM
0.0988235294117647,0.593363329583802,0.4333333333333333,0.3715846994535519,0.5341366323355519,0.2755905511811024,GBM
0.0917647058823529,0.5869964314805476,0.4321839080459769,0.3715846994535519,0.5184909832072774,0.2735042735042735,GBM
0.1011764705882353,0.6019352482960078,0.4126984126984127,0.3825136612021858,0.5487285407908198,0.2755905511811024,GBM
0.0870588235294117,0.6164961636828644,0.4126984126984127,0.3770491803278688,0.5384576407656425,0.2666666666666666,GBM
0.0823529411764705,0.6123191639474381,0.4122315592903828,0.3825136612021858,0.5332606217447609,0.2620869565217391,GBM
0.08,0.6352941176470589,0.4571428571428571,0.360655737704918,0.5589942090640467,0.2520325203252032,GBM
0.0894117647058823,0.6247967479674797,0.4482758620689655,0.3715846994535519,0.5341554741115475,0.2735042735042735,GBM
0.0776470588235294,0.609418210550392,0.4068627450980392,0.3825136612021858,0.5698837511386522,0.2701463414634146,GBM
0.0752941176470588,0.5562169312169312,0.3809523809523809,0.3879781420765027,0.5133531298706867,0.2654867256637168,GBM
0.0964705882352941,0.5928535993687674,0.420981971614883,0.3770491803278688,0.5218747841635833,0.2666666666666666,GBM
0.0847058823529411,0.6217479674796749,0.4264705882352941,0.3825136612021858,0.5726613003875409,0.2608695652173913,GBM
0.0729411764705882,0.5326169405815424,0.2928571428571428,0.412568306010929,0.5270174389744839,0.247787610619469,GBM
0.068235294117647,0.5313527180783818,0.3,0.4262295081967213,0.5256045354543454,0.2699115044247787,GBM
0.0705882352941176,0.5328697850821744,0.3,0.4262295081967213,0.5277177016752701,0.2522123893805309,GBM
0.0611764705882353,0.5111251580278129,0.2857142857142857,0.4262295081967213,0.5245579654734039,0.2743362831858407,GBM
0.0588235294117647,0.5123261694058154,0.3,0.4508196721311475,0.5141258008439287,0.2964601769911504,GBM
0.0658823529411764,0.5296460176991151,0.2928571428571428,0.4562841530054644,0.5450028496391475,0.3008849557522124,GBM
0.0635294117647058,0.5261694058154235,0.3,0.4234972677595627,0.5719887961857733,0.2544824932666409,GBM
0.0564705882352941,0.5118836915297093,0.2642857142857142,0.4371584699453552,0.5058737633689612,0.2522123893805309,GBM
0.2494117647058823,0.7569460631960632,0.4797979797979798,0.2568306010928961,0.7314773871729225,0.1098290598290598,GBM
0.2305882352941176,0.6737477042786777,0.3582251082251082,0.3196721311475409,0.6241787278332589,0.1301716965433779,GBM
0.2047058823529411,0.7618062317429406,0.6075949367088608,0.2841530054644808,0.6507731752641602,0.1442307692307692,GBM
0.1905882352941176,0.6798728885012071,0.382034632034632,0.319672131147541,0.6395414974224698,0.148627184025414,GBM
0.1670588235294117,0.5905564343064342,0.3629148629148629,0.3770491803278688,0.6109458602248194,0.2302350427350427,GBM
0.1623529411764706,0.6088941151441152,0.452020202020202,0.3934426229508196,0.5656669423364358,0.2478632478632478,GBM
0.1529411764705882,0.5725869672772328,0.2796536796536796,0.412568306010929,0.5746402840519558,0.2526709401709401,GBM
0.1435294117647058,0.6019312627719706,0.2955696202531646,0.4098360655737705,0.6160151751921106,0.2027314499659632,GBM
0.1411764705882353,0.598478835978836,0.5238095238095238,0.3934426229508196,0.5564338815355573,0.4,GBM
0.2235294117647059,0.8151455026455026,0.7241379310344828,0.2240437158469945,0.729829261117099,0.176,GBM
0.2070588235294117,0.6287610619469027,0.2142857142857142,0.4098360655737705,0.644071729196442,0.1769911504424778,GBM
0.1976470588235294,0.6977809419265975,0.4357142857142857,0.2950819672131147,0.6917868279390649,0.1811023622047244,GBM
0.1788235294117647,0.7336295034079845,0.6075949367088608,0.3333333333333333,0.6583294577786969,0.173076923076923,GBM
0.1741176470588235,0.7509394481014866,0.6763546798029556,0.3005464480874317,0.6672007699800024,0.2514690265486725,GBM
0.1694117647058823,0.692019509796868,0.4452380952380952,0.3251366120218579,0.709249481396323,0.1919202820346787,GBM
0.1552941176470588,0.6099873577749684,0.492063492063492,0.4153005464480874,0.6347711421784876,0.344,GBM
0.2611764705882353,0.9003968253968254,0.8253968253968254,0.1311475409836065,0.8297177743314947,0.1083333333333333,GBM
0.2376470588235294,0.8088439965358124,0.550186741363212,0.2377049180327868,0.725652451904948,0.1240942028985506,GBM
0.1952941176470588,0.8050649977074027,0.6340164757886277,0.26775956284153,0.6798861840194216,0.1964743589743589,GBM
0.1717647058823529,0.6948082010582011,0.5396825396825397,0.355191256830601,0.5726786412706113,0.2264435695538056,GBM
0.1505882352941176,0.6910714285714286,0.6166666666666667,0.3551912568306011,0.6244869792731826,0.2735042735042735,GBM
0.2541176470588235,0.921103448275862,0.6379310344827587,0.1530054644808743,0.7606479349973945,0.056,GBM
0.1811764705882353,0.7363149060390441,0.7155172413793103,0.2377049180327868,0.6667596071352515,0.2128333333333333,GBM
0.1764705882352941,0.6688275862068966,0.6896551724137931,0.3387978142076502,0.5572995079607787,0.352,GBM
0.1858823529411764,0.759653132659571,0.6739415102575295,0.2978142076502732,0.6321146064641865,0.2729615384615384,GBM
0.2258823529411764,0.8939820022497187,0.7857142857142857,0.1475409836065573,0.8905878991220861,0.1181102362204724,GBM
0.1929411764705882,0.8259574324042829,0.6785714285714286,0.2185792349726776,0.7397117995015787,0.1704068241469816,GBM
0.188235294117647,0.7417744656917885,0.4107142857142857,0.2404371584699453,0.693898886409832,0.0866141732283464,GBM
0.16,0.7417744656917884,0.7321428571428571,0.2786885245901639,0.7280028281106954,0.2834645669291338,GBM
0.1576470588235294,0.673478835978836,0.6111111111111112,0.3306010928961748,0.5951311902860139,0.2875656167979002,GBM
0.2776470588235294,0.7327365728900256,0.5147058823529411,0.2896174863387978,0.6837877703049012,0.1739130434782608,GBM
0.2635294117647059,0.6549872122762148,0.2058823529411764,0.3169398907103825,0.6588405781980666,0.0347826086956521,GBM
0.2141176470588235,0.6099104859335037,0.1617647058823529,0.3387978142076502,0.6049230563239264,0.0434782608695652,GBM
0.1835294117647058,0.7519762924611344,0.5455882352941177,0.26775956284153,0.7058505854756576,0.164475079533404,GBM
0.1364705882352941,0.639149412357938,0.4741379310344827,0.355191256830601,0.5845533421060114,0.284,GBM
0.1294117647058823,0.6327693413323334,0.5565476190476191,0.3797814207650273,0.6209982404613077,0.2652173913043478,GBM
0.2329411764705882,0.8235777496839444,0.6833333333333333,0.2131147540983606,0.7536953073249287,0.1153846153846153,GBM
0.2023529411764706,0.7960709603408718,0.655952380952381,0.2459016393442622,0.7241673004570575,0.1280487804878048,GBM
0.1341176470588235,0.613618925831202,0.4430379746835443,0.3825136612021858,0.601335293061527,0.2596153846153846,GBM
0.12,0.5887961575461576,0.4211822660098521,0.366120218579235,0.5528506953468,0.2530604719764011,GBM
0.1223529411764706,0.6017526455026455,0.4794745484400656,0.3934426229508196,0.5683289605312201,0.2920568561872909,GBM
0.2423529411764705,0.6971654088042573,0.3045207956600361,0.3333333333333333,0.6449462617919054,0.0767528931245745,GBM
0.228235294117647,0.8593253968253968,0.7936507936507936,0.1693989071038251,0.7826186580345068,0.15,GBM
0.2117647058823529,0.846626984126984,0.6825396825396826,0.2021857923497267,0.7303925424287104,0.1416666666666666,GBM
0.148235294117647,0.6984827586206896,0.5862068965517242,0.3251366120218579,0.6045214426152864,0.272,GBM
0.2517647058823529,0.7605562579013907,0.5142857142857142,0.2568306010928962,0.7195081898699109,0.1150442477876106,GBM
0.1458823529411764,0.5860856735856736,0.5238095238095237,0.4043715846994535,0.5896302011844106,0.3958333333333333,GBM
0.1317647058823529,0.6078992210321323,0.4482758620689655,0.3934426229508196,0.5326050446169054,0.2788461538461538,GBM
0.1247058823529411,0.5961929040251825,0.536904761904762,0.3825136612021858,0.5549829031655455,0.3000151274487557,GBM
0.1176470588235294,0.5841602841602841,0.4206349206349206,0.3934426229508196,0.5352441183351737,0.2832595870206489,GBM
0.1129411764705882,0.5881207400194741,0.3803496081977094,0.3934426229508196,0.5659331214436564,0.2743362831858407,GBM
0.108235294117647,0.5970058422590069,0.4050632911392405,0.3934426229508196,0.5591317323809005,0.25,GBM
0.1388235294117647,0.6173889123004166,0.4246031746031745,0.412568306010929,0.6192305388417753,0.3106194690265487,GBM
0.1270588235294117,0.5782619279454723,0.4556962025316455,0.4262295081967213,0.5377171552268685,0.312,GBM
0.1105882352941176,0.5808009065883082,0.3953823953823954,0.3797814207650273,0.5751181506371389,0.2231194690265486,GBM
0.1152941176470588,0.6195971867007672,0.4044117647058823,0.3715846994535519,0.592053193115642,0.2463153644256006,GBM
0.1058823529411764,0.5883537576450961,0.4177215189873418,0.3715846994535519,0.5515708695288826,0.2706104044686722,GBM
0.0941176470588235,0.5977221597300338,0.4285714285714285,0.366120218579235,0.5300081330972675,0.2666666666666666,GBM
0.1035294117647058,0.5831390831390832,0.3793103448275862,0.3825136612021858,0.5535405122972316,0.2649572649572649,GBM
0.0988235294117647,0.5899184476940382,0.4126984126984127,0.366120218579235,0.5519006001817571,0.2520325203252032,GBM
0.0917647058823529,0.5851639794721375,0.4298029556650246,0.3715846994535519,0.5392203002782081,0.2652219953104908,GBM
0.1011764705882353,0.5775316455696202,0.4126984126984127,0.3770491803278688,0.5506690699047597,0.2666666666666666,GBM
0.0870588235294117,0.6020460358056267,0.45,0.360655737704918,0.5619663232815547,0.2583333333333333,GBM
0.0823529411764705,0.6037432313255138,0.4472222222222222,0.3743169398907103,0.6368479355681727,0.254334844233398,GBM
0.08,0.6300813008130082,0.4852941176470588,0.3442622950819672,0.6423978587317674,0.2389380530973451,GBM
0.0894117647058823,0.6015928515928516,0.3636363636363636,0.3715846994535519,0.5670235024384385,0.2439024390243902,GBM
0.0776470588235294,0.6046206896551725,0.4211822660098521,0.3633879781420764,0.5886018915656324,0.26,GBM
0.0752941176470588,0.574968394437421,0.3285714285714285,0.3934426229508196,0.6259361762540959,0.2347826086956521,GBM
0.0964705882352941,0.5863057484193787,0.3966885604816639,0.3715846994535519,0.5382658712825472,0.2478254292413584,GBM
0.0847058823529411,0.6156010230179029,0.4444444444444444,0.3551912568306011,0.6311220313356539,0.2357723577235772,GBM
0.0729411764705882,0.5669405815423514,0.2214285714285714,0.4207650273224044,0.6592287278167579,0.1814159292035397,GBM
0.068235294117647,0.5461441213653603,0.2142857142857142,0.4316939890710382,0.6353502329409295,0.275019785596086,GBM
0.0705882352941176,0.552370417193426,0.2214285714285713,0.4289617486338797,0.592667064776349,0.228241631396691,GBM
0.0611764705882353,0.5394437420986093,0.1857142857142857,0.4699453551912568,0.5689166672908407,0.2654867256637168,GBM
0.0588235294117647,0.5416245259165613,0.2642857142857142,0.4699453551912568,0.6228063396129797,0.3053097345132742,GBM
0.0658823529411764,0.5509797724399494,0.2285714285714285,0.4754098360655737,0.5994050825033519,0.2920353982300884,GBM
0.0635294117647058,0.5904551201011378,0.1928571428571428,0.4207650273224043,0.6658038043898642,0.1814159292035398,GBM
0.0564705882352941,0.5521491782553729,0.2071428571428571,0.4344262295081967,0.6060309190954418,0.2123893805309734,GBM
0.2494117647058823,0.6403982591482591,0.1403318903318903,0.3524590163934425,0.477511582192489,0.0756410256410256,LR
0.2305882352941176,0.6139493004537253,0.1668831168831168,0.3524590163934425,0.4893412172548943,0.069888813251645,LR
0.2047058823529411,0.6326071080817917,0.1645569620253164,0.3934426229508196,0.4917126173633985,0.0673076923076923,LR
0.1905882352941176,0.6156400138701024,0.2168831168831168,0.355191256830601,0.5088673241623509,0.1052870433401406,LR
0.1670588235294117,0.6155582843082843,0.1893939393939393,0.3743169398907103,0.4798744253642609,0.1340811965811965,LR
0.1623529411764706,0.5875134125134125,0.1424963924963924,0.3633879781420764,0.5108252699740498,0.0877136752136751,LR
0.1529411764705882,0.5494776554903137,0.120253164556962,0.3743169398907103,0.4827573536430083,0.0713495575221238,LR
0.1435294117647058,0.5451862220058423,0.2151898734177214,0.3743169398907103,0.4745538354451399,0.1107896528250509,LR
0.1411764705882353,0.5381613756613757,0.3015873015873015,0.3715846994535519,0.4578870864069397,0.2,LR
0.2235294117647059,0.6056878306878306,0.2413793103448276,0.360655737704918,0.5221001942657224,0.08,LR
0.2070588235294117,0.6005689001264223,0.1142857142857142,0.3825136612021858,0.54305814966155,0.0707964601769911,LR
0.1976470588235294,0.6134424293510625,0.1964285714285714,0.3387978142076502,0.5056938880584306,0.0789534436321661,LR
0.1788235294117647,0.6209225900681596,0.2666666666666666,0.3497267759562841,0.4843598940553364,0.0673076923076923,LR
0.1741176470588235,0.6646210820000872,0.3352216748768473,0.3415300546448087,0.6047507192680279,0.12,LR
0.1694117647058823,0.5652337955111536,0.1416666666666666,0.3387978142076502,0.5586771065951959,0.0447154471544715,LR
0.1552941176470588,0.6384259259259258,0.3103448275862069,0.360655737704918,0.5773544232179458,0.16,LR
0.2611764705882353,0.6380291005291004,0.3333333333333333,0.3224043715846995,0.5691838171846684,0.1416666666666666,LR
0.2376470588235294,0.6099449079148567,0.2096171802054154,0.3360655737704917,0.5117571798188716,0.0797101449275362,LR
0.1952941176470588,0.6378719996599743,0.2616033755274262,0.3715846994535519,0.5056595791925013,0.1288461538461538,LR
0.1717647058823529,0.6103148564762738,0.3253968253968253,0.3524590163934425,0.5220823189150593,0.1833333333333333,LR
0.1505882352941176,0.6155671859785784,0.2666666666666666,0.3387978142076502,0.4469084889557855,0.073170731707317,LR
0.2541176470588235,0.7142758620689655,0.2068965517241379,0.2677595628415301,0.5938993887122214,0.024,LR
0.1811764705882353,0.6539672505017333,0.3556376573617953,0.2978142076502732,0.5266495348062353,0.144,LR
0.1764705882352941,0.644551724137931,0.4137931034482758,0.3333333333333333,0.5659420440486973,0.216,LR
0.1858823529411764,0.6461699711244671,0.2886294194674814,0.3579234972677595,0.5367565514505631,0.1344615384615384,LR
0.2258823529411764,0.6457395950506187,0.2142857142857142,0.3005464480874317,0.5240723930728564,0.0866141732283464,LR
0.1929411764705882,0.58981767904012,0.1746031746031746,0.3196721311475409,0.5014566534901332,0.0833333333333333,LR
0.188235294117647,0.5353627671541057,0.0,0.3114754098360656,0.4688063965717365,0.0078740157480314,LR
0.16,0.6020106861642294,0.3214285714285714,0.3114754098360656,0.472509011581356,0.1496062992125984,LR
0.1576470588235294,0.6181428368448829,0.2904995331465919,0.3633879781420764,0.4767891199512664,0.1697463768115941,LR
0.2776470588235294,0.5824808184143223,0.1029411764705882,0.3387978142076502,0.4634346366743042,0.008695652173913,LR
0.2635294117647059,0.5845268542199488,0.1029411764705882,0.3387978142076502,0.4591221913134651,0.008695652173913,LR
0.2141176470588235,0.6220588235294118,0.1911764705882352,0.3551912568306011,0.4925379914698782,0.0869565217391304,LR
0.1835294117647058,0.6078620242724166,0.2647058823529411,0.3333333333333332,0.4622249871898124,0.1191940615058324,LR
0.1364705882352941,0.5693713314672637,0.2515822784810126,0.3278688524590163,0.4802332608631408,0.1313076923076923,LR
0.1294117647058823,0.5763427109974425,0.2589285714285714,0.3770491803278688,0.4213267811986071,0.1695652173913043,LR
0.2329411764705882,0.6580623306233063,0.2428571428571428,0.3333333333333333,0.5124945951282348,0.0707964601769911,LR
0.2023529411764706,0.6508137361714957,0.2626984126984126,0.3415300546448087,0.5129861264914982,0.1061946902654867,LR
0.1341176470588235,0.5609335038363171,0.1764705882352941,0.3715846994535519,0.4361466822645028,0.08130081300813,LR
0.12,0.5766009453509453,0.1517857142857142,0.355191256830601,0.4514982146433982,0.098780487804878,LR
0.1223529411764706,0.5551917989417989,0.2361111111111111,0.360655737704918,0.4768732075855564,0.1271739130434782,LR
0.2423529411764705,0.6548255492966761,0.199005424954792,0.3715846994535519,0.4977016657882885,0.0727110279101429,LR
0.228235294117647,0.6156084656084656,0.2063492063492063,0.3333333333333333,0.4930847820893029,0.0916666666666666,LR
0.2117647058823529,0.6420634920634921,0.2857142857142857,0.3278688524590163,0.5103498395317895,0.125,LR
0.148235294117647,0.648611658456486,0.2672413793103448,0.3114754098360656,0.5389466734201064,0.1159999999999999,LR
0.2517647058823529,0.643046776232617,0.2142857142857142,0.3169398907103825,0.5043827741073843,0.0265486725663716,LR
0.1458823529411764,0.6013227513227513,0.3333333333333333,0.3770491803278688,0.4409620633283516,0.2208333333333333,LR
0.1317647058823529,0.5442429406037,0.1904761904761904,0.3825136612021858,0.4368261281924142,0.0673076923076923,LR
0.1247058823529411,0.5734197218710493,0.2563492063492063,0.3879781420765027,0.441781249553497,0.1658015656909462,LR
0.1176470588235294,0.5307155543706177,0.1825396825396825,0.3852459016393442,0.4608975289261901,0.1416666666666666,LR
0.1129411764705882,0.5546296296296296,0.1111111111111111,0.366120218579235,0.484748242897159,0.0549145299145299,LR
0.108235294117647,0.5248904576436222,0.0689655172413793,0.360655737704918,0.5124544764924457,0.048780487804878,LR
0.1388235294117647,0.5605050451842487,0.2055555555555555,0.4016393442622951,0.5507660022864953,0.1684734513274336,LR
0.1270588235294117,0.5252555988315482,0.1518987341772152,0.4153005464480874,0.5278406288504378,0.16,LR
0.1105882352941176,0.5547525719520605,0.1642156862745097,0.3497267759562841,0.4902474294122548,0.0908119658119657,LR
0.1152941176470588,0.5541098025275241,0.1904761904761904,0.3797814207650273,0.4604364236959611,0.0928418803418803,LR
0.1058823529411764,0.5621954083188261,0.1801948051948051,0.3551912568306011,0.4776878811914247,0.097008547008547,LR
0.0941176470588235,0.5717241379310345,0.1551724137931034,0.3497267759562841,0.4625119294865216,0.104,LR
0.1035294117647058,0.5718719571567673,0.1964285714285714,0.360655737704918,0.4789837966853291,0.0944881889763779,LR
0.0988235294117647,0.5406746031746033,0.1607142857142857,0.3551912568306011,0.4852585300434537,0.0916666666666666,LR
0.0917647058823529,0.5637055504312141,0.1818181818181818,0.3497267759562841,0.4715141381982016,0.1001058921412903,LR
0.1011764705882353,0.5604118104118104,0.1587301587301587,0.3497267759562841,0.4713990449773432,0.075,LR
0.0870588235294117,0.5604137931034483,0.1323529411764706,0.3497267759562841,0.4727626308036157,0.0782608695652174,LR
0.0823529411764705,0.573707452227975,0.1176470588235294,0.3469945355191256,0.5011011725630952,0.0658330126971911,LR
0.08,0.5916666666666666,0.1379310344827586,0.3551912568306011,0.500862054349853,0.048076923076923,LR
0.0894117647058823,0.5737931034482758,0.1714285714285714,0.3551912568306011,0.4781525953574262,0.0973451327433628,LR
0.0776470588235294,0.5707692214390174,0.1485294117647058,0.3497267759562841,0.5041951099844046,0.0920738745671411,LR
0.0752941176470588,0.5389380530973452,0.1428571428571428,0.3989071038251366,0.5301888115745058,0.1238938053097345,LR
0.0964705882352941,0.5666925666925667,0.1619047619047618,0.3497267759562841,0.4817008820722582,0.0769230769230769,LR
0.0847058823529411,0.5745524296675192,0.1176470588235294,0.3551912568306011,0.4888345920717949,0.0608695652173913,LR
0.0729411764705882,0.5391959900543518,0.138095238095238,0.3989071038251366,0.5224712942264338,0.1150442477876106,LR
0.068235294117647,0.5311314791403288,0.1285714285714285,0.412568306010929,0.5301019946112202,0.1283185840707964,LR
0.0705882352941176,0.524905183312263,0.1012605042016805,0.4098360655737705,0.52307506486466,0.0973451327433628,LR
0.0611764705882353,0.5196586599241467,0.1285714285714285,0.4153005464480874,0.5370487135087876,0.1415929203539823,LR
0.0588235294117647,0.5177307206068269,0.1428571428571428,0.4098360655737704,0.5986708833608991,0.1327433628318584,LR
0.0658823529411764,0.5233881163084704,0.157142857142857,0.4344262295081967,0.508623818353038,0.1814159292035398,LR
0.0635294117647058,0.5355246523388117,0.1157563025210083,0.412568306010929,0.5276474577609942,0.1150442477876106,LR
0.0564705882352941,0.5076485461441214,0.1499999999999999,0.407103825136612,0.5446651146290328,0.1327433628318584,LR
0.2494117647058823,0.6063302438302438,0.496031746031746,0.4098360655737705,0.4395502138278815,0.3584401709401709,NB
0.2305882352941176,0.6169107850523781,0.4264069264069263,0.407103825136612,0.4508266298298284,0.309167233945995,NB
0.2047058823529411,0.6524464459591042,0.5443037974683544,0.3497267759562841,0.4679036491963564,0.25,NB
0.1905882352941176,0.6295373914842941,0.4192640692640692,0.3825136612021858,0.4769507071191748,0.2661296422358369,NB
0.1670588235294117,0.6232064232064233,0.4430014430014429,0.3934426229508196,0.4470265861274347,0.3026709401709401,NB
0.1623529411764706,0.6101833351833351,0.5036075036075036,0.4180327868852459,0.4603506079699691,0.367094017094017,NB
0.1529411764705882,0.6060185185185185,0.5108225108225107,0.4153005464480874,0.4451490544102524,0.3708333333333333,NB
0.1435294117647058,0.604424778761062,0.4794372294372294,0.412568306010929,0.4627536322471573,0.3731185235610014,NB
0.1411764705882353,0.5839285714285715,0.5238095238095238,0.4262295081967213,0.4516654831420675,0.4017094017094017,NB
0.2235294117647059,0.6248419721871049,0.5079365079365079,0.4153005464480874,0.5216572575236258,0.3628318584070796,NB
0.2070588235294117,0.6177623261694057,0.5285714285714286,0.3879781420765027,0.5051732696357839,0.336283185840708,NB
0.1976470588235294,0.6161188369152971,0.4374999999999999,0.3961748633879781,0.4858294444585903,0.311235090419392,NB
0.1788235294117647,0.6281165311653116,0.4571428571428571,0.4098360655737705,0.4686939601000511,0.3539823008849557,NB
0.1741176470588235,0.649373023201155,0.5146224356176342,0.3989071038251365,0.5811465437985304,0.35129203539823,NB
0.1694117647058823,0.6320924509813999,0.4333333333333333,0.3688524590163934,0.5332852556160919,0.248579034462911,NB
0.1552941176470588,0.619047619047619,0.5238095238095238,0.3934426229508196,0.5221570508652077,0.376,NB
0.2611764705882353,0.5545634920634921,0.492063492063492,0.4371584699453552,0.5044120809163763,0.4,NB
0.2376470588235294,0.555333208162492,0.496031746031746,0.4262295081967213,0.455425434676473,0.3829710144927536,NB
0.1952941176470588,0.6024520486545804,0.5371709865380752,0.3797814207650273,0.4811004950768877,0.3262820512820512,NB
0.1717647058823529,0.5706349206349206,0.4692460317460317,0.412568306010929,0.4973118822704799,0.3458333333333333,NB
0.1505882352941176,0.6281403781403782,0.4821428571428571,0.4043715846994535,0.4476374450040379,0.35,NB
0.2541176470588235,0.6716551724137931,0.6206896551724138,0.3442622950819672,0.5905005784398863,0.328,NB
0.1811764705882353,0.6301030313021218,0.5715654077723042,0.3989071038251366,0.5286043357502801,0.3838333333333333,NB
0.1764705882352941,0.6433793103448275,0.5689655172413793,0.4153005464480874,0.5753250984459207,0.408,NB
0.1858823529411764,0.6488092619950978,0.5589262330859885,0.3961748633879781,0.5221367436173078,0.3634615384615385,NB
0.2258823529411764,0.6149465691788526,0.4464285714285714,0.3715846994535519,0.4713992630164541,0.2913385826771653,NB
0.1929411764705882,0.6182880785735116,0.4861111111111111,0.3497267759562841,0.4975517722596803,0.2731955380577427,NB
0.188235294117647,0.6231017997750281,0.4464285714285714,0.3114754098360656,0.5279083850978601,0.2047244094488189,NB
0.16,0.609322272215973,0.4642857142857143,0.4153005464480874,0.4763104723402411,0.3622047244094488,NB
0.1576470588235294,0.6077024226138399,0.4692460317460317,0.4180327868852459,0.4355241278383815,0.3744565217391304,NB
0.2776470588235294,0.5531969309462916,0.5147058823529411,0.4262295081967213,0.3985692853904172,0.391304347826087,NB
0.2635294117647059,0.550383631713555,0.4411764705882353,0.448087431693989,0.4020701041898966,0.3826086956521739,NB
0.2141176470588235,0.5530690537084398,0.4852941176470588,0.4316939890710382,0.4036420600794929,0.3826086956521739,NB
0.1835294117647058,0.5918914914852473,0.4735294117647058,0.4262295081967213,0.4188712383067602,0.369600565570873,NB
0.1364705882352941,0.5804153984159964,0.509493670886076,0.4289617486338797,0.5251366852409833,0.4127244094488189,NB
0.1294117647058823,0.5432225063938618,0.4191176470588235,0.4590163934426229,0.3891414625536715,0.3788043478260869,NB
0.2329411764705882,0.6254065040650406,0.4683544303797468,0.4098360655737705,0.4726723863409825,0.3008849557522124,NB
0.2023529411764706,0.6218078381795197,0.4603174603174602,0.407103825136612,0.4789022391967976,0.3293510324483775,NB
0.1341176470588235,0.5859788359788359,0.5,0.4590163934426229,0.4388491038466965,0.391304347826087,NB
0.12,0.5834656084656085,0.4428571428571428,0.407103825136612,0.4700127725245437,0.3212758112094395,NB
0.1223529411764706,0.5884589947089948,0.4712301587301587,0.4262295081967213,0.4623532259322036,0.3541666666666666,NB
0.2423529411764705,0.6315174778453315,0.5268535262206149,0.3551912568306011,0.4663833192356096,0.2754424778761062,NB
0.228235294117647,0.6243386243386243,0.4603174603174603,0.4153005464480874,0.4711925312027672,0.35,NB
0.2117647058823529,0.6226190476190476,0.4761904761904761,0.3989071038251366,0.4668282611641818,0.3333333333333333,NB
0.148235294117647,0.656896551724138,0.5775862068965517,0.407103825136612,0.5811576577475861,0.384,NB
0.2517647058823529,0.613590391908976,0.4142857142857143,0.3879781420765027,0.471478126628515,0.2654867256637168,NB
0.1458823529411764,0.6038359788359788,0.5396825396825397,0.4098360655737704,0.4341467341552641,0.3875,NB
0.1317647058823529,0.6190753690753691,0.5079365079365079,0.453551912568306,0.4949339078252064,0.4330708661417323,NB
0.1247058823529411,0.5992724867724868,0.496031746031746,0.4234972677595627,0.4493553022086672,0.3791666666666666,NB
0.1176470588235294,0.5756566933558084,0.4841269841269841,0.448087431693989,0.4719671417941338,0.3958333333333333,NB
0.1129411764705882,0.580894730065084,0.4105339105339105,0.4234972677595628,0.501943503486898,0.3376068376068376,NB
0.108235294117647,0.5865079365079364,0.4683544303797468,0.4207650273224044,0.4975860529473082,0.3846153846153846,NB
0.1388235294117647,0.5658779908226811,0.365079365079365,0.442622950819672,0.5146871131693171,0.3290929203539823,NB
0.1270588235294117,0.5550754625121713,0.4761904761904761,0.4699453551912568,0.50692969596359,0.4070796460176991,NB
0.1105882352941176,0.5705752212389381,0.4206349206349206,0.4180327868852459,0.4861233631956327,0.3392330383480825,NB
0.1152941176470588,0.5638918167283848,0.4621183916604616,0.448087431693989,0.4635031795306082,0.3956521739130435,NB
0.1058823529411764,0.5743330743330743,0.4454365079365079,0.4262295081967213,0.4859635645133696,0.336283185840708,NB
0.0941176470588235,0.5977876106194691,0.4642857142857143,0.4098360655737705,0.4894295261097589,0.3739837398373983,NB
0.1035294117647058,0.5856643356643357,0.4642857142857143,0.4207650273224044,0.492189600657157,0.368,NB
0.0988235294117647,0.5664370078740157,0.4464285714285714,0.4098360655737705,0.4803893974591743,0.3333333333333333,NB
0.0917647058823529,0.584780558674364,0.4642857142857143,0.4153005464480874,0.4782909611605737,0.3662608695652174,NB
0.1011764705882353,0.570901320901321,0.4444444444444444,0.4098360655737705,0.4933461402527209,0.3274336283185841,NB
0.0870588235294117,0.5750639386189258,0.4264705882352941,0.4098360655737705,0.4746482111866502,0.336283185840708,NB
0.0823529411764705,0.5930467762326169,0.4285714285714285,0.4098360655737705,0.4838210677554228,0.3628318584070796,NB
0.08,0.6079013906447535,0.4,0.4153005464480874,0.4738843990624929,0.336283185840708,NB
0.0894117647058823,0.5842710997442454,0.4696969696969697,0.4153005464480874,0.4847302762534874,0.36,NB
0.0776470588235294,0.6220189701897019,0.4071428571428571,0.412568306010929,0.4844012273805643,0.3539823008849557,NB
0.0752941176470588,0.5984197218710494,0.3142857142857143,0.4644808743169399,0.4960806396810039,0.336283185840708,NB
0.0964705882352941,0.5795130795130795,0.4464285714285714,0.4043715846994535,0.5075328236493748,0.3348082595870206,NB
0.0847058823529411,0.5867888748419721,0.3676470588235294,0.4043715846994535,0.4953180406717498,0.2956521739130435,NB
0.0729411764705882,0.5942477876106194,0.3071428571428571,0.4672131147540983,0.4916349302434211,0.331858407079646,NB
0.068235294117647,0.5922882427307206,0.3214285714285714,0.4726775956284152,0.4984449549811489,0.3451327433628318,NB
0.0705882352941176,0.5903286978508218,0.3142857142857143,0.4672131147540983,0.504357360410239,0.331858407079646,NB
0.0611764705882353,0.5904551201011379,0.3,0.4754098360655737,0.5065967273749885,0.336283185840708,NB
0.0588235294117647,0.5894437420986094,0.2928571428571428,0.4644808743169398,0.505992242989445,0.3141592920353981,NB
0.0658823529411764,0.593173198482933,0.3142857142857143,0.494535519125683,0.499281972644826,0.3761061946902654,NB
0.0635294117647058,0.5849557522123894,0.3071428571428571,0.4781420765027322,0.5108938265989471,0.3362831858407079,NB
0.0564705882352941,0.5868520859671302,0.2785714285714286,0.4699453551912568,0.5162063438346678,0.3141592920353981,NB
0.2494117647058823,0.7911176786176786,0.5627705627705627,0.2295081967213114,0.6680478620944319,0.1141025641025641,RF
0.2305882352941176,0.7235319334876857,0.5406926406926407,0.2923497267759563,0.610124295448619,0.1960895544966341,RF
0.2047058823529411,0.8260710808179161,0.6708860759493671,0.2459016393442623,0.6350983260564771,0.173076923076923,RF
0.1905882352941176,0.687852421259501,0.5023809523809524,0.3169398907103825,0.611891990067317,0.2136373950533242,RF
0.1670588235294117,0.6380822880822882,0.4834054834054834,0.3524590163934425,0.5355128635089668,0.2605769230769231,RF
0.1623529411764706,0.6455495892995893,0.5429292929292929,0.360655737704918,0.5585736070002196,0.2620726495726495,RF
0.1529411764705882,0.6377233877233877,0.5281385281385281,0.3825136612021858,0.5469095238043062,0.2992521367521367,RF
0.1435294117647058,0.6377819188484866,0.4936708860759493,0.3770491803278688,0.5915233808812634,0.2566749867634822,RF
0.1411764705882353,0.614484126984127,0.492063492063492,0.4043715846994535,0.5459216776285788,0.3416666666666667,RF
0.2235294117647059,0.7956349206349206,0.7301587301587301,0.2622950819672131,0.7062829957437244,0.1769911504424778,RF
0.2070588235294117,0.6559418457648547,0.3571428571428571,0.3770491803278688,0.565229159332619,0.2123893805309734,RF
0.1976470588235294,0.7768227760515518,0.6470588235294118,0.2540983606557376,0.6990696669828462,0.2105425163524432,RF
0.1788235294117647,0.7240749756572541,0.6666666666666666,0.273224043715847,0.5285623709746656,0.2389380530973451,RF
0.1741176470588235,0.7413779825249244,0.6779790484504583,0.3114754098360655,0.6253563174778686,0.2761923076923077,RF
0.1694117647058823,0.719042993843339,0.5071428571428571,0.3005464480874316,0.6410514658911575,0.1919202820346787,RF
0.1552941176470588,0.6438053097345132,0.5079365079365079,0.3551912568306011,0.5968921282162798,0.328,RF
0.2611764705882353,0.8931878306878307,0.7936507936507936,0.1584699453551912,0.7681173418540974,0.1333333333333333,RF
0.2376470588235294,0.83792854098161,0.7553688141923436,0.2158469945355191,0.7373681797216929,0.1989130434782608,RF
0.1952941176470588,0.7943921848194,0.7258388587502511,0.2622950819672131,0.6310388051095512,0.2490384615384615,RF
0.1717647058823529,0.7166005291005291,0.6746031746031746,0.3360655737704918,0.5854934616704426,0.3416666666666667,RF
0.1505882352941176,0.7143518518518518,0.6428571428571429,0.3497267759562841,0.5705448979371581,0.2393162393162393,RF
0.2541176470588235,0.898,0.7068965517241379,0.1639344262295081,0.7301304715874987,0.104,RF
0.1811764705882353,0.7829930112902554,0.6947181171319102,0.2595628415300546,0.6273186614209687,0.2368333333333333,RF
0.1764705882352941,0.7293103448275863,0.6896551724137931,0.3442622950819672,0.6006369116064417,0.36,RF
0.1858823529411764,0.7616084931000907,0.7055870798777826,0.2786885245901639,0.5847301669391285,0.2657692307692307,RF
0.2258823529411764,0.906144544431946,0.8035714285714286,0.1420765027322404,0.7886112431212643,0.1181102362204724,RF
0.1929411764705882,0.8300795733866599,0.7222222222222222,0.2131147540983606,0.7004425550716311,0.1824475065616797,RF
0.188235294117647,0.8347862767154105,0.6785714285714286,0.2295081967213114,0.7419964078850421,0.1889763779527559,RF
0.16,0.7834645669291339,0.6964285714285714,0.2622950819672131,0.6946579268032125,0.2440944881889764,RF
0.1576470588235294,0.7352626557869525,0.6478174603174602,0.2896174863387978,0.6103915215000769,0.2595472440944882,RF
0.2776470588235294,0.933695652173913,0.8088235294117647,0.1256830601092896,0.8414324274155017,0.0869565217391304,RF
0.2635294117647059,0.8852941176470589,0.7941176470588235,0.1530054644808743,0.8062707824436521,0.1217391304347826,RF
0.2141176470588235,0.8161125319693094,0.7058823529411765,0.2240437158469945,0.7030298841160718,0.1826086956521739,RF
0.1835294117647058,0.7907490868386944,0.6485294117647059,0.2404371584699453,0.6747325766815928,0.1824319547543301,RF
0.1364705882352941,0.6616085101431286,0.5775862068965517,0.3661202185792349,0.5547986813138968,0.3274615384615384,RF
0.1294117647058823,0.6854282520950866,0.6123949579831933,0.3306010928961748,0.6102649241257402,0.2739130434782608,RF
0.2329411764705882,0.8922833495618305,0.7,0.174863387978142,0.7461046014689873,0.0769230769230769,RF
0.2023529411764706,0.8167263660626491,0.6928571428571428,0.2431693989071038,0.6987700863277044,0.2108775811209439,RF
0.1341176470588235,0.6458739045764362,0.5666666666666667,0.3989071038251366,0.581569708489602,0.3149606299212598,RF
0.12,0.6099333937424489,0.4603174603174602,0.360655737704918,0.5311979284051191,0.2827099737532808,RF
0.1223529411764706,0.6206349206349207,0.5448412698412699,0.3879781420765027,0.546732354067835,0.3225,RF
0.2423529411764705,0.8545103322800198,0.6862567811934901,0.2131147540983606,0.6718087528252743,0.1429118447923757,RF
0.228235294117647,0.8921296296296297,0.7301587301587301,0.174863387978142,0.7389237053145608,0.125,RF
0.2117647058823529,0.8588624338624339,0.6984126984126984,0.2021857923497267,0.7016938249557884,0.15,RF
0.148235294117647,0.7129655172413794,0.603448275862069,0.3360655737704917,0.5617502740869917,0.304,RF
0.2517647058823529,0.9010745891276865,0.8,0.1366120218579235,0.7931985263523073,0.0973451327433628,RF
0.1458823529411764,0.6141865079365079,0.492063492063492,0.3989071038251366,0.5262616737953383,0.35,RF
0.1317647058823529,0.6195228821811101,0.492063492063492,0.3989071038251366,0.5125957682350895,0.3149606299212598,RF
0.1247058823529411,0.6194446865575747,0.5242424242424242,0.3688524590163934,0.5171723403985462,0.295759587020649,RF
0.1176470588235294,0.6124195015017799,0.4808802308802308,0.3879781420765027,0.5465112242814196,0.3041666666666666,RF
0.1129411764705882,0.6115913973508911,0.4240506329113924,0.3989071038251365,0.5455928545813853,0.282051282051282,RF
0.108235294117647,0.6037000973709835,0.4430379746835443,0.3879781420765027,0.5509915178124574,0.288,RF
0.1388235294117647,0.6510508849557523,0.4603174603174603,0.3879781420765027,0.5564415346361715,0.2926622418879055,RF
0.1270588235294117,0.6030306718597858,0.4810126582278481,0.4207650273224044,0.5247750930922788,0.3307086614173228,RF
0.1105882352941176,0.6137964525267676,0.4545454545454545,0.3715846994535519,0.555233969336259,0.266334808259587,RF
0.1152941176470588,0.6311078851999568,0.5238095238095238,0.360655737704918,0.5799633897782439,0.300752508361204,RF
0.1058823529411764,0.6188822751322751,0.4729437229437229,0.3715846994535519,0.5521690627039086,0.2834645669291338,RF
0.0941176470588235,0.6175172413793103,0.4545454545454545,0.3770491803278688,0.5079454251897715,0.2913385826771653,RF
0.1035294117647058,0.6065804274465691,0.4444444444444444,0.3879781420765027,0.526004092073189,0.2884615384615384,RF
0.0988235294117647,0.5987064116985378,0.4642857142857143,0.366120218579235,0.5558747711205609,0.2913385826771653,RF
0.0917647058823529,0.6127988768232671,0.4655172413793103,0.366120218579235,0.5416970073058351,0.2788209166161922,RF
0.1011764705882353,0.5977931034482759,0.4310344827586206,0.3770491803278688,0.5515695274688512,0.282051282051282,RF
0.0870588235294117,0.6106206896551724,0.4482758620689655,0.366120218579235,0.5609025518104735,0.272,RF
0.0823529411764705,0.6100063938618925,0.4309523809523808,0.3770491803278688,0.5787391591187514,0.2628246636448665,RF
0.08,0.6546747967479676,0.4705882352941176,0.360655737704918,0.5895995294565661,0.2601626016260163,RF
0.0894117647058823,0.6202408702408703,0.4393939393939394,0.3770491803278688,0.5426492394439492,0.282051282051282,RF
0.0776470588235294,0.6188275862068966,0.4558823529411764,0.3743169398907103,0.5668938692119656,0.2652173913043478,RF
0.0752941176470588,0.5784137931034483,0.3793103448275862,0.3934426229508196,0.585873876348141,0.2300884955752212,RF
0.0964705882352941,0.6108158638934502,0.4361054766734279,0.3715846994535519,0.5393180141932107,0.275,RF
0.0847058823529411,0.6130434782608696,0.4558823529411764,0.366120218579235,0.5821914916652305,0.2764227642276423,RF
0.0729411764705882,0.5402654867256638,0.2571428571428571,0.407103825136612,0.5836532510058847,0.2212389380530973,RF
0.068235294117647,0.5441845764854614,0.2571428571428571,0.407103825136612,0.5881749513007228,0.2079646017699114,RF
0.0705882352941176,0.5581226295828066,0.2499999999999999,0.4016393442622951,0.6060259824445882,0.1858407079646017,RF
0.0611764705882353,0.5449431099873577,0.2285714285714285,0.4098360655737705,0.5902927059451569,0.1858407079646017,RF
0.0588235294117647,0.5442793931731985,0.2714285714285714,0.4043715846994535,0.5815568766865467,0.2035398230088494,RF
0.0658823529411764,0.5291719342604299,0.2428571428571428,0.4180327868852459,0.5884017984389285,0.2079646017699114,RF
0.0635294117647058,0.5550568900126422,0.2285714285714285,0.3989071038251366,0.5825143463718716,0.1769911504424778,RF
0.0564705882352941,0.5344184576485461,0.2142857142857142,0.4098360655737705,0.5605999426667583,0.1769911504424778,RF
0.2494117647058823,0.618356412,0.0,0.3524590165,0.4172261455,0.0,SVM
0.2305882352941176,0.640907814,0.0642857145,0.3469945355,0.468009913,0.0,SVM
0.2047058823529411,0.662061831,0.012658228,0.426229508,0.435054877,0.0,SVM
0.1905882352941176,0.6143939144999999,0.0642857145,0.349726776,0.476166278,0.004424779,SVM
0.1670588235294117,0.612475487,0.134920635,0.355191257,0.460591392,0.075,SVM
0.1623529411764706,0.605772235,0.0793650795,0.360655738,0.492676328,0.0166666665,SVM
0.1529411764705882,0.6035122785,0.1139240505,0.3661202185,0.478473249,0.038078625,SVM
0.1435294117647058,0.6122039735,0.012658228,0.3715846995,0.473353658,0.004424779,SVM
0.1411764705882353,0.58968254,0.26984127,0.360655738,0.479566014,0.158333333,SVM
0.2235294117647059,0.651264223,0.103448276,0.355191257,0.549791741,0.016,SVM
0.2070588235294117,0.638369153,0.0,0.382513661,0.537720098,0.0,SVM
0.1976470588235294,0.627991392,0.113970588,0.344262295,0.4869374555,0.0162358025,SVM
0.1788235294117647,0.666192412,0.139240506,0.382513661,0.470794551,0.024390244,SVM
0.1741176470588235,0.663637772,0.1332512315,0.3114754094999999,0.576169141,0.012424779,SVM
0.1694117647058823,0.627372858,0.0916666665,0.3360655735,0.5401633695,0.016619901,SVM
0.1552941176470588,0.616798942,0.25862069,0.349726776,0.553070856,0.056,SVM
0.2611764705882353,0.612632275,0.174603175,0.300546448,0.538059177,0.025,SVM
0.2376470588235294,0.6072643915,0.1240662935,0.344262295,0.5028719775,0.046195652,SVM
0.1952941176470588,0.6185911605000001,0.1364275664999999,0.3688524589999999,0.4628430125,0.0458333335,SVM
0.1717647058823529,0.6089098239999999,0.1666666665,0.316939891,0.4968027465,0.0458333335,SVM
0.1505882352941176,0.6069023570000001,0.142857143,0.327868852,0.428583946,0.039370079,SVM
0.2541176470588235,0.707241379,0.017241379,0.31147541,0.657208147,0.0,SVM
0.1811764705882353,0.6436600985,0.181034483,0.281420765,0.5361609635,0.0278110235,SVM
0.1764705882352941,0.649724138,0.224137931,0.295081967,0.596707102,0.072,SVM
0.1858823529411764,0.6680761425,0.1781972935,0.3524590165,0.5376185015,0.0568076925,SVM
0.2258823529411764,0.636037683,0.142857143,0.284153005,0.49333266,0.031496063,SVM
0.1929411764705882,0.634051733,0.213293651,0.3032786885,0.519578804,0.0743110235,SVM
0.188235294117647,0.635615861,0.125,0.284153005,0.526754609,0.023622047,SVM
0.16,0.593996063,0.107142857,0.289617486,0.451356021,0.023622047,SVM
0.1576470588235294,0.5992433930000001,0.2090336135,0.355191257,0.4548336735,0.1224637684999999,SVM
0.2776470588235294,0.598209719,0.044117647,0.360655738,0.451511508,0.008695652,SVM
0.2635294117647059,0.613682864,0.044117647,0.360655738,0.476107227,0.008695652,SVM
0.2141176470588235,0.595012788,0.058823529,0.355191257,0.444154267,0.008695652,SVM
0.1835294117647058,0.619953441,0.157843137,0.325136612,0.4353884945,0.0469777304999999,SVM
0.1364705882352941,0.5790497635,0.110977739,0.31147541,0.5106936115,0.031230769,SVM
0.1294117647058823,0.5795716115,0.213235294,0.349726776,0.4254112145,0.0826086955,SVM
0.2329411764705882,0.665044248,0.1,0.344262295,0.468028155,0.0,SVM
0.2023529411764706,0.6587231355000001,0.1690476189999999,0.327868852,0.4914957869999999,0.016979639,SVM
0.1341176470588235,0.574140212,0.125,0.366120219,0.42931878,0.031496063,SVM
0.12,0.570238095,0.0419372295,0.344262295,0.48765506,0.0285685445,SVM
0.1223529411764706,0.5796675195000001,0.162698413,0.3469945355,0.48603151,0.051268116,SVM
0.2423529411764705,0.6515738845,0.0642857145,0.3852459015,0.461609358,0.004424779,SVM
0.228235294117647,0.631481481,0.047619048,0.344262295,0.362323039,0.025,SVM
0.2117647058823529,0.645634921,0.126984127,0.338797814,0.471026542,0.058333333,SVM
0.148235294117647,0.6243448275000001,0.196633826,0.2868852455,0.478279154,0.044,SVM
0.2517647058823529,0.658343869,0.114285714,0.338797814,0.505210323,0.0,SVM
0.1458823529411764,0.5901785715,0.0793650795,0.355191257,0.4926554975,0.0541666665,SVM
0.1317647058823529,0.588181597,0.025316456,0.420765027,0.487449816,0.0,SVM
0.1247058823529411,0.5894335095000001,0.0976190475,0.366120219,0.4184638645,0.025015635,SVM
0.1176470588235294,0.5778913450000001,0.0634920635,0.3661202185,0.5261188265,0.0127581125,SVM
0.1129411764705882,0.5814153440000001,0.0075757575,0.360655738,0.484239667,0.0041666665,SVM
0.108235294117647,0.58501704,0.0,0.344262295,0.552915261,0.0,SVM
0.1388235294117647,0.5683171794999999,0.119047619,0.363387978,0.4200935645,0.0627581125,SVM
0.1270588235294117,0.545568783,0.025316456,0.387978142,0.518754938,0.0,SVM
0.1105882352941176,0.568725114,0.0476190475,0.344262295,0.505346328,0.016880342,SVM
0.1152941176470588,0.583971563,0.044117647,0.3524590165,0.460639026,0.0124779075,SVM
0.1058823529411764,0.580992508,0.054473304,0.344262295,0.4807914245,0.017094017,SVM
0.0941176470588235,0.58937931,0.034482759,0.333333333,0.465301745,0.024,SVM
0.1035294117647058,0.587995338,0.034482759,0.355191257,0.484283495,0.024,SVM
0.0988235294117647,0.57686222,0.031746032,0.338797814,0.486479267,0.008333333,SVM
0.0917647058823529,0.5832001805,0.031746032,0.338797814,0.4910320515,0.0129717875,SVM
0.1011764705882353,0.576982097,0.029411765,0.344262295,0.492888597,0.017094017,SVM
0.0870588235294117,0.578068966,0.034482759,0.344262295,0.485701802,0.008695652,SVM
0.0823529411764705,0.584462916,0.023326572,0.338797814,0.49425986,0.0085144925,SVM
0.08,0.605370844,0.029411765,0.349726776,0.494132988,0.0,SVM
0.0894117647058823,0.583980834,0.029411765,0.344262295,0.469861048,0.017094017,SVM
0.0776470588235294,0.592553047,0.023326572,0.344262295,0.520436633,0.0085144925,SVM
0.0752941176470588,0.542035398,0.0,0.366120219,0.573647681,0.008695652,SVM
0.0964705882352941,0.5816759355,0.031746032,0.338797814,0.4856317775,0.017094017,SVM
0.0847058823529411,0.570076726,0.031746032,0.355191257,0.515536284,0.008695652,SVM
0.0729411764705882,0.5391908974999999,0.0,0.3797814204999999,0.5838548025,0.008772605,SVM
0.068235294117647,0.5393173195000001,0.0,0.3852459015,0.6249799979999999,0.008849558,SVM
0.0705882352941176,0.5445006320000001,0.0,0.3852459015,0.6406889315,0.008772605,SVM
0.0611764705882353,0.5159924149999999,0.0,0.387978142,0.630513813,0.008849558,SVM
0.0588235294117647,0.509734513,0.0,0.382513661,0.64277339,0.0,SVM
0.0658823529411764,0.511061947,0.0214285715,0.3797814204999999,0.5497456095,0.008849558,SVM
0.0635294117647058,0.538874842,0.0,0.3852459015,0.6109325025000001,0.008772605,SVM
0.0564705882352941,0.5080910240000001,0.0142857145,0.382513661,0.5906871275000001,0.008849558,SVM
