Line,Column,EndLine,EndColumn,CC,CCL,CCO,CI,CLC,CLLC,LDC,LLDC,LCOM5,NL,NLE,WMC,CBO,CBOI,NII,NOI,RFC,AD,CD,CLOC,DLOC,PDA,PUA,TCD,TCLOC,DIT,NOA,NOC,NOD,NOP,LLOC,LOC,NA,NG,NLA,NLG,NLM,NLPA,NLPM,NLS,NM,NOS,NPA,NPM,NS,TLLOC,TLOC,TNA,TNG,TNLA,TNLG,TNLM,TNLPA,TNLPM,TNLS,TNM,TNOS,TNPA,TNPM,TNS,WarningBlocker,WarningCritical,WarningInfo,WarningMajor,WarningMinor,Android Rules,Basic Rules,Brace Rules,Clone Implementation Rules,Clone Metric Rules,Code Size Rules,Cohesion Metric Rules,Comment Rules,Complexity Metric Rules,Controversial Rules,Coupling Metric Rules,Coupling Rules,Design Rules,Documentation Metric Rules,Empty Code Rules,Finalizer Rules,Import Statement Rules,Inheritance Metric Rules,J2EE Rules,JUnit Rules,Jakarta Commons Logging Rules,Java Logging Rules,JavaBean Rules,MigratingToJUnit4 Rules,Migration Rules,Migration13 Rules,Migration14 Rules,Migration15 Rules,Naming Rules,Optimization Rules,Security Code Guideline Rules,Size Metric Rules,Strict Exception Rules,String and StringBuffer Rules,Type Resolution Rules,Unnecessary and Unused Code Rules,Vulnerability Rules,Number of bugs,label
3,1,24,2,0.0,0,0,0,0.0,0.0,0,0,0,0,0,0,0,0,0,0,0,0.0,0.0,0,0,0,1,0.0,0,0,0,0,0,0,3,7,0,0,0,0,0,0,0,0,0,0,0,0,0,18,22,0,0,0,0,0,0,0,0,0,0,0,0,0,0,0,18,0,2,0,0,0,0,0,0,0,0,0,0,0,0,0,18,0,0,0,0,0,0,0,0,0,0,0,0,0,0,2,0,0,0,0,0,0,0,0,0,0
52,1,157,2,0.0,0,0,0,0.0,0.0,0,0,7,1,1,16,17,5,7,10,20,1.0,0.272727,21,21,9,0,0.216495,21,0,0,0,0,0,56,82,0,0,0,0,10,0,8,0,10,25,0,8,0,76,106,5,0,5,0,12,0,9,0,12,34,0,9,0,0,1,16,0,5,0,1,2,0,0,0,1,0,0,0,1,0,2,14,0,0,0,0,0,0,0,0,0,0,0,0,0,0,1,0,0,0,0,0,0,0,0,1,1
33,1,81,2,0.0,0,0,0,0.0,0.0,0,0,1,2,1,5,8,2,2,9,12,0.333333,0.173077,9,9,1,2,0.173077,9,0,0,0,0,0,43,49,11,0,11,0,3,0,2,0,3,20,0,2,0,43,49,11,0,11,0,3,0,2,0,3,20,0,2,0,0,0,11,0,0,0,0,0,0,0,0,0,0,0,0,0,0,0,9,0,0,0,0,0,0,0,0,0,0,0,0,0,0,0,0,0,2,0,0,0,0,0,0,0
65,1,509,2,0.0,0,0,0,0.0,0.0,0,0,2,0,0,30,4,15,13,2,26,0.0869565,0.301887,48,48,2,21,0.375587,160,0,0,0,0,0,111,155,19,11,19,11,24,0,22,0,24,42,0,22,0,266,445,38,11,38,11,52,0,49,0,52,119,0,49,0,0,0,84,0,37,0,0,6,0,0,0,2,0,0,2,0,0,0,66,0,0,0,0,0,0,0,0,0,0,0,0,0,0,13,16,0,16,0,0,0,0,0,0,0
48,1,763,2,0.0,0,0,0,0.0,0.0,0,0,1,3,3,65,24,10,10,47,88,1.0,0.618827,401,401,39,0,0.612952,407,0,0,0,0,0,247,703,12,6,12,6,41,1,38,0,41,114,1,38,0,257,716,13,7,13,7,43,1,40,0,47,116,1,44,0,0,1,26,0,13,0,0,2,0,0,0,0,0,1,3,3,0,9,11,0,0,0,0,0,0,0,0,0,0,0,0,0,0,0,0,0,11,0,0,0,0,0,0,0
50,1,655,2,0.085031,1,9,3,0.049505,0.0738462,30,24,1,1,1,5,12,7,3,6,9,1.0,0.35483899999999996,33,33,2,0,0.402574,219,0,0,0,0,0,60,116,20,1,20,1,3,0,1,0,3,30,0,1,0,325,606,53,3,53,3,34,3,31,0,34,147,3,31,0,0,0,70,0,60,0,0,6,0,19,0,1,0,0,21,2,0,2,29,0,0,0,0,0,0,0,0,0,0,0,0,0,0,12,19,0,19,0,0,0,0,0,0,0
40,1,217,2,0.0,0,0,0,0.0,0.0,0,0,4,1,1,26,5,5,18,3,22,1.0,0.32876700000000003,48,48,1,0,0.305732,48,0,0,0,0,0,98,167,10,4,10,4,19,0,0,0,19,37,0,0,0,109,178,10,4,10,4,20,0,1,0,20,43,0,1,0,0,0,32,0,18,0,0,0,0,0,0,1,0,0,17,0,0,1,29,0,0,0,0,0,0,0,0,0,0,0,0,0,0,0,0,0,2,0,0,0,0,0,0,0
35,1,58,2,0.0,0,0,0,0.0,0.0,0,0,0,0,0,1,5,4,1,0,1,0.5,0.3125,10,10,1,1,0.3125,10,0,0,0,0,0,22,24,8,0,8,0,1,0,1,0,1,8,0,1,0,22,24,8,0,8,0,1,0,1,0,1,8,0,1,0,0,0,5,0,8,0,0,0,0,0,0,0,0,0,8,0,0,0,3,0,0,0,0,0,0,0,0,0,0,0,0,0,0,0,0,0,2,0,0,0,0,0,0,0
51,1,472,2,0.0,0,0,0,0.0,0.0,0,0,1,4,4,89,25,7,3,37,61,0.25,0.0986301,36,31,1,3,0.11054000000000001,43,1,1,0,0,1,329,405,37,2,37,2,24,0,3,0,24,190,0,3,0,346,422,37,2,37,2,27,0,6,0,27,195,0,6,0,0,0,73,1,26,0,0,12,0,0,0,0,0,5,7,3,0,7,60,0,0,0,0,0,0,0,0,0,0,0,0,0,0,0,0,0,5,1,0,0,0,0,2,1
32,1,59,2,0.0,0,0,0,0.0,0.0,0,0,1,0,0,2,8,2,1,6,8,0.333333,0.23333299999999998,7,7,1,2,0.23333299999999998,7,0,0,0,0,0,23,28,5,0,5,0,2,0,2,0,2,9,0,2,0,23,28,5,0,5,0,2,0,2,0,2,9,0,2,0,0,0,7,0,0,0,0,0,0,0,0,0,0,0,0,0,0,0,7,0,0,0,0,0,0,0,0,0,0,0,0,0,0,0,0,0,0,0,0,0,0,0,0,0
29,1,49,2,0.0,0,0,0,0.0,0.0,0,0,2,0,0,7,2,0,0,1,4,1.0,0.52,13,13,3,0,0.52,13,0,0,0,0,0,12,21,0,0,0,0,3,0,2,0,3,4,0,2,0,12,21,0,0,0,0,3,0,2,0,3,4,0,2,0,0,0,5,0,0,0,0,0,0,0,0,1,0,0,0,0,0,0,4,0,0,0,0,0,0,0,0,0,0,0,0,0,0,0,0,0,0,0,0,0,0,0,0,0
32,1,204,2,0.203791,1,8,2,0.127168,0.247191,22,22,4,3,3,26,3,3,7,5,10,1.0,0.453988,74,69,5,0,0.453988,74,0,0,0,0,0,89,173,2,0,2,0,5,0,4,0,5,56,0,4,0,89,173,2,0,2,0,5,0,4,0,5,56,0,4,0,0,0,15,1,7,0,0,4,0,11,0,1,0,1,0,0,0,4,2,0,0,0,0,0,0,0,0,0,0,0,0,0,0,0,0,0,0,0,0,0,0,0,1,1
29,1,127,2,0.0,0,0,0,0.0,0.0,0,0,1,3,3,15,1,7,7,1,7,0.8,0.426966,38,34,4,1,0.44898000000000005,44,0,0,0,0,0,51,91,2,0,2,0,6,2,4,0,6,26,2,4,0,54,99,2,0,2,0,7,2,5,0,7,26,2,5,0,0,0,11,1,8,0,1,4,0,0,0,0,0,0,0,0,0,3,7,0,0,0,0,0,0,0,0,0,0,0,0,0,0,0,0,0,4,1,0,0,0,0,0,0
27,1,113,2,0.0,0,0,0,0.0,0.0,0,0,1,1,1,17,1,14,44,0,12,0.454545,0.291139,23,23,5,6,0.291139,23,0,0,0,0,0,56,87,3,0,3,0,12,0,10,0,12,22,0,10,0,56,87,3,0,3,0,12,0,10,0,12,22,0,10,0,0,0,17,0,16,0,0,2,0,0,0,0,0,0,0,0,0,5,17,0,0,0,0,0,0,0,0,0,0,0,0,0,0,8,1,0,0,0,0,0,0,0,0,0
34,1,110,2,0.0,0,0,0,0.0,0.0,0,0,5,2,2,13,3,3,2,5,11,0.833333,0.4,28,28,5,1,0.368421,28,0,0,0,0,0,42,71,2,0,2,0,6,0,5,0,6,18,0,5,0,48,77,2,0,2,0,7,0,6,0,7,21,0,6,0,0,0,11,0,1,0,0,0,0,0,0,1,0,0,0,0,0,1,10,0,0,0,0,0,0,0,0,0,0,0,0,0,0,0,0,0,0,0,0,0,0,0,0,0
33,1,142,2,0.0,0,0,0,0.0,0.0,0,0,1,2,2,22,1,1,2,2,9,1.0,0.398148,43,43,5,0,0.398148,43,0,0,0,0,0,65,110,2,5,2,5,7,0,4,0,7,35,0,4,0,65,110,2,5,2,5,7,0,4,0,7,35,0,4,0,0,0,6,0,2,0,1,0,0,0,0,0,0,0,0,0,0,1,6,0,0,0,0,0,0,0,0,0,0,0,0,0,0,0,0,0,0,0,0,0,0,0,1,1
5,5,7,6,0.0,0,0,0,0.0,0.0,0,0,0,0,0,0,0,0,0,0,0,0.0,0.0,0,0,0,1,0.0,0,0,0,0,0,0,3,3,0,0,0,0,0,0,0,0,0,0,0,0,0,3,3,0,0,0,0,0,0,0,0,0,0,0,0,0,0,0,3,0,1,0,0,0,0,0,0,0,0,0,0,0,0,0,3,0,0,0,0,0,0,0,0,0,0,0,0,0,0,1,0,0,0,0,0,0,0,0,0,0
9,5,11,6,0.0,0,0,0,0.0,0.0,0,0,0,0,0,0,0,0,0,0,0,0.0,0.0,0,0,0,1,0.0,0,0,0,0,0,0,3,3,0,0,0,0,0,0,0,0,0,0,0,0,0,3,3,0,0,0,0,0,0,0,0,0,0,0,0,0,0,0,3,0,0,0,0,0,0,0,0,0,0,0,0,0,0,0,3,0,0,0,0,0,0,0,0,0,0,0,0,0,0,0,0,0,0,0,0,0,0,0,0,0
13,5,15,6,0.0,0,0,0,0.0,0.0,0,0,0,0,0,0,0,0,0,0,0,0.0,0.0,0,0,0,1,0.0,0,0,0,0,0,0,3,3,0,0,0,0,0,0,0,0,0,0,0,0,0,3,3,0,0,0,0,0,0,0,0,0,0,0,0,0,0,0,3,0,1,0,0,0,0,0,0,0,0,0,0,0,0,0,3,0,0,0,0,0,0,0,0,0,0,0,0,0,0,1,0,0,0,0,0,0,0,0,0,0
17,5,19,6,0.0,0,0,0,0.0,0.0,0,0,0,0,0,0,0,0,0,0,0,0.0,0.0,0,0,0,1,0.0,0,0,0,0,0,0,3,3,0,0,0,0,0,0,0,0,0,0,0,0,0,3,3,0,0,0,0,0,0,0,0,0,0,0,0,0,0,0,3,0,0,0,0,0,0,0,0,0,0,0,0,0,0,0,3,0,0,0,0,0,0,0,0,0,0,0,0,0,0,0,0,0,0,0,0,0,0,0,0,0
21,5,23,6,0.0,0,0,0,0.0,0.0,0,0,0,0,0,0,0,0,0,0,0,0.0,0.0,0,0,0,1,0.0,0,0,0,0,0,0,3,3,0,0,0,0,0,0,0,0,0,0,0,0,0,3,3,0,0,0,0,0,0,0,0,0,0,0,0,0,0,0,3,0,0,0,0,0,0,0,0,0,0,0,0,0,0,0,3,0,0,0,0,0,0,0,0,0,0,0,0,0,0,0,0,0,0,0,0,0,0,0,0,0
30,1,91,2,0.0,0,0,0,0.0,0.0,0,0,1,1,1,8,2,2,0,2,8,0.166667,0.0877193,5,5,1,5,0.0877193,5,1,1,2,2,1,52,62,6,0,5,0,6,0,5,0,8,24,0,7,0,52,62,6,0,5,0,6,0,5,0,8,24,0,7,0,0,1,15,2,3,3,0,0,0,0,0,0,0,0,1,0,0,1,15,0,0,0,0,0,0,0,0,0,0,0,0,0,0,0,1,0,0,0,0,0,0,0,0,0
27,1,50,2,0.0,0,0,0,0.0,0.0,0,0,2,1,1,4,1,8,1,3,5,0.333333,0.125,3,3,1,2,0.125,3,0,0,4,6,0,21,24,1,0,1,0,2,0,2,0,2,8,0,2,0,21,24,1,0,1,0,2,0,2,0,2,8,0,2,0,0,0,8,0,1,0,0,0,0,0,0,1,0,0,0,0,0,1,7,0,0,0,0,0,0,0,0,0,0,0,0,0,0,0,0,0,0,0,0,0,0,0,0,0
21,1,176,2,0.0,0,0,0,0.0,0.0,0,0,0,0,0,1,0,2,0,0,1,1.0,0.10691800000000001,17,3,1,0,0.10240999999999999,17,0,0,0,0,0,142,149,1,0,1,0,1,1,0,0,1,0,1,0,0,149,156,4,0,4,0,1,4,0,0,1,0,4,0,0,0,0,22,0,0,0,0,0,0,0,0,0,0,0,0,0,0,0,10,0,0,0,0,0,0,0,0,0,0,0,0,0,0,0,0,0,12,0,0,0,0,0,0,0
35,1,104,2,0.0,0,0,0,0.0,0.0,0,0,6,1,1,8,8,1,0,1,8,0.14285699999999998,0.0681818,3,3,1,6,0.046875,3,1,1,0,0,1,41,50,2,0,1,0,7,0,6,0,9,20,0,8,0,61,70,2,0,1,0,8,0,7,0,10,32,0,9,0,0,0,23,0,1,0,0,0,0,0,0,1,0,0,0,0,0,1,22,0,0,0,0,0,0,0,0,0,0,0,0,0,0,0,0,0,0,0,0,0,0,0,0,0
35,1,103,2,0.357143,1,1,1,0.21739099999999997,0.224138,15,13,1,0,0,2,6,3,1,2,4,0.5,0.0882353,3,3,1,1,0.0491803,3,1,1,0,0,1,31,39,3,0,2,0,2,0,1,0,4,12,0,3,0,58,69,3,4,2,4,7,0,6,0,9,21,0,8,0,0,0,34,0,2,0,0,0,0,11,0,0,0,0,2,0,0,0,23,0,0,0,0,0,0,0,0,0,0,0,0,0,0,0,0,0,0,0,0,0,0,0,0,0
38,1,144,2,0.22193200000000002,1,1,1,0.14018699999999998,0.14285699999999998,15,13,1,0,0,2,6,3,1,2,4,0.5,0.0909091,3,3,1,1,0.0319149,3,2,2,0,0,1,30,38,8,0,2,0,2,0,1,0,10,12,0,8,0,91,107,10,4,4,4,11,0,10,0,23,33,0,21,0,0,0,50,0,4,0,0,0,0,9,0,1,0,0,4,0,0,0,40,0,0,0,0,0,0,0,0,0,0,0,0,0,0,0,0,0,0,0,0,0,0,0,0,0
39,1,148,2,0.0,0,0,0,0.0,0.0,0,0,2,0,0,3,8,3,1,3,6,0.333333,0.07894739999999999,3,3,1,2,0.0326087,3,2,2,0,0,1,35,45,8,0,2,0,3,0,2,0,11,14,0,9,0,89,110,12,4,6,4,9,2,8,0,21,36,2,19,0,0,0,42,0,9,0,0,0,0,0,0,1,0,0,3,0,0,5,33,0,0,0,0,0,0,0,0,0,0,0,0,0,0,1,0,0,8,0,0,0,0,0,0,0
40,1,165,2,0.0,0,0,0,0.0,0.0,0,0,1,1,1,3,7,5,0,4,6,0.333333,0.0810811,3,3,1,2,0.0283019,3,1,1,0,0,1,34,44,4,0,3,0,2,0,2,0,4,13,0,4,0,103,126,6,1,5,1,12,0,11,0,18,42,0,17,0,0,1,35,3,7,2,0,0,0,0,0,2,0,0,3,0,0,5,33,0,0,0,0,0,0,0,0,0,0,0,0,0,0,0,0,1,0,0,0,0,0,0,0,0
32,1,62,2,0.0,0,0,0,0.0,0.0,0,0,1,1,1,4,6,1,1,9,11,0.333333,0.28125,9,3,1,2,0.28125,9,0,0,0,0,0,23,31,0,0,0,0,2,0,2,0,2,7,0,2,0,23,31,0,0,0,0,2,0,2,0,2,7,0,2,0,0,0,3,1,0,1,0,0,0,0,0,0,0,0,0,0,0,0,3,0,0,0,0,0,0,0,0,0,0,0,0,0,0,0,0,0,0,0,0,0,0,0,0,0
30,1,70,2,0.0,0,0,0,0.0,0.0,0,0,1,1,1,7,1,6,8,0,6,0.166667,0.21951199999999998,9,9,1,5,0.21951199999999998,9,2,2,2,6,1,32,41,1,0,1,0,6,0,5,0,6,11,0,5,0,32,41,1,0,1,0,6,0,5,0,6,11,0,5,0,0,0,13,0,0,0,0,0,0,0,0,0,0,0,0,0,0,0,13,0,0,0,0,0,0,0,0,0,0,0,0,0,0,0,0,0,0,0,0,0,0,0,0,0
38,1,112,2,0.0,0,0,0,0.0,0.0,0,0,1,3,3,13,2,4,16,5,12,0.4,0.256757,19,17,2,3,0.256757,19,3,3,4,4,1,55,75,6,2,5,2,7,0,4,0,13,27,0,9,0,55,75,6,2,5,2,7,0,4,0,13,27,0,9,0,0,0,15,0,1,0,1,0,0,0,0,0,0,0,0,0,0,0,15,0,0,0,0,0,0,0,0,0,0,0,0,0,0,0,0,0,0,0,0,0,0,0,0,0
28,1,82,2,0.0,0,0,0,0.0,0.0,0,0,1,0,0,10,0,1,2,0,10,0.0909091,0.137255,7,7,1,10,0.137255,7,0,0,0,0,0,44,55,2,0,2,0,10,0,10,0,10,11,0,10,0,44,55,2,0,2,0,10,0,10,0,10,11,0,10,0,0,0,23,0,0,0,0,0,0,0,0,0,0,0,0,0,0,0,23,0,0,0,0,0,0,0,0,0,0,0,0,0,0,0,0,0,0,0,0,0,0,0,0,0
24,1,65,2,0.0,0,0,0,0.0,0.0,0,0,0,0,0,3,1,5,2,0,3,0.75,0.363636,8,8,3,1,0.5,21,0,0,0,0,0,14,23,2,2,2,2,3,0,3,0,3,4,0,3,0,21,42,7,2,7,2,3,5,3,0,3,4,5,3,0,0,0,5,0,0,0,0,0,0,0,0,0,0,0,0,0,0,0,3,0,0,0,0,0,0,0,0,0,0,0,0,0,0,0,0,0,2,0,0,0,0,0,0,0
11,1,34,2,0.0,0,0,0,0.0,0.0,0,0,1,3,3,5,0,1,1,0,2,0.333333,0.214286,6,4,1,2,0.214286,6,0,0,0,0,0,22,24,0,0,0,0,2,0,2,0,2,11,0,2,0,22,24,0,0,0,0,2,0,2,0,2,11,0,2,0,0,0,7,0,1,0,0,0,0,0,0,0,0,0,0,0,0,0,7,0,0,0,0,0,0,0,0,0,0,0,0,0,0,1,0,0,0,0,0,0,0,0,0,0
24,1,69,2,0.0,0,0,0,0.0,0.0,0,0,1,1,1,8,0,12,17,0,7,0.375,0.204545,9,8,3,5,0.204545,9,0,0,0,0,0,35,46,4,2,4,2,7,0,7,0,7,12,0,7,0,35,46,4,2,4,2,7,0,7,0,7,12,0,7,0,0,0,13,0,0,0,0,0,0,0,0,0,0,0,0,0,0,0,13,0,0,0,0,0,0,0,0,0,0,0,0,0,0,0,0,0,0,0,0,0,0,0,0,0
19,1,97,2,0.0,0,0,0,0.0,0.0,0,0,1,0,0,5,5,0,0,6,11,0.166667,0.192982,11,6,1,5,0.17910399999999999,12,0,0,0,0,0,46,69,3,0,3,0,5,0,5,1,5,25,0,5,1,55,79,3,0,3,0,7,0,6,1,7,27,0,6,1,0,0,18,9,5,0,1,0,0,0,0,0,0,0,0,0,0,1,18,0,0,0,0,0,4,0,0,0,0,0,0,0,0,4,0,0,0,0,0,4,1,0,1,1
41,1,245,2,0.0947075,1,10,2,0.097561,0.123457,20,20,1,3,3,36,11,1,1,25,34,1.0,0.14457799999999998,24,21,3,0,0.12903199999999998,24,1,1,0,0,1,142,180,6,1,6,1,9,0,2,0,9,83,0,2,0,162,205,10,1,10,1,12,4,2,0,12,89,4,2,0,0,4,50,1,5,0,0,4,0,9,0,0,0,0,0,1,0,6,28,0,0,0,0,0,0,0,0,0,0,0,0,0,0,0,0,0,12,0,0,0,0,0,1,1
34,1,150,2,0.0,0,0,0,0.0,0.0,0,0,1,1,1,16,5,3,7,4,18,0.916667,0.21568600000000002,22,22,11,1,0.21568600000000002,22,0,0,0,0,0,80,117,10,9,10,9,14,0,11,0,14,39,0,11,0,80,117,10,9,10,9,14,0,11,0,14,39,0,11,0,0,0,16,0,4,0,0,4,0,0,0,0,0,0,0,0,0,0,11,0,0,0,0,0,0,0,0,0,0,0,0,0,0,0,0,0,5,0,0,0,0,0,0,0
133,2,156,3,0.0,0,0,0,0.0,0.0,0,0,1,1,1,4,0,1,1,0,2,0.0,0.0,0,0,0,2,0.0,0,0,0,0,0,0,20,24,5,0,5,0,2,0,1,0,2,9,0,1,0,20,24,5,0,5,0,2,0,1,0,2,9,0,1,0,0,1,7,0,3,0,1,2,0,0,0,0,0,0,0,0,0,0,7,0,0,0,0,0,0,0,0,0,0,0,0,0,0,1,0,0,0,0,0,0,0,0,0,0
32,1,86,2,0.0,0,0,0,0.0,0.0,0,0,1,1,1,11,3,2,2,2,6,0.8,0.388889,21,21,4,1,0.388889,21,1,1,0,0,1,33,55,4,0,4,0,4,0,4,0,4,13,0,4,0,33,55,4,0,4,0,4,0,4,0,4,13,0,4,0,0,0,3,0,0,0,0,0,0,0,0,0,0,0,0,0,0,0,3,0,0,0,0,0,0,0,0,0,0,0,0,0,0,0,0,0,0,0,0,0,0,0,0,0
40,1,117,2,0.0,0,0,0,0.0,0.0,0,0,1,1,1,4,5,2,2,2,5,0.25,0.454545,15,15,1,3,0.213333,16,1,1,1,1,1,18,24,2,0,2,0,3,0,3,0,3,6,0,3,0,59,78,8,1,8,1,9,0,8,2,9,22,0,8,2,0,0,24,0,0,0,0,0,0,0,0,0,0,0,0,0,0,0,23,0,0,0,0,0,0,0,0,0,0,0,0,0,0,0,0,0,1,0,0,0,0,0,0,0
38,1,74,2,0.0,0,0,0,0.0,0.0,0,0,1,1,1,3,5,0,0,3,5,0.333333,0.555556,15,15,1,2,0.340909,15,2,2,0,0,1,12,16,2,0,0,0,2,0,2,0,5,4,0,5,0,29,37,8,1,0,0,4,0,2,0,13,11,0,10,2,0,0,12,0,0,0,0,0,0,0,0,0,0,0,0,0,0,0,12,0,0,0,0,0,0,0,0,0,0,0,0,0,0,0,0,0,0,0,0,0,0,0,0,0
28,1,33,2,0.0,0,0,0,0.0,0.0,0,0,1,0,0,1,3,1,0,1,2,0.5,0.5,6,6,1,1,0.5,6,1,1,0,0,1,6,6,0,0,0,0,1,0,1,0,1,1,0,1,0,6,6,0,0,0,0,1,0,1,0,1,1,0,1,0,0,0,3,0,0,0,0,0,0,0,0,0,0,0,0,0,0,0,3,0,0,0,0,0,0,0,0,0,0,0,0,0,0,0,0,0,0,0,0,0,0,0,0,0
202,2,491,3,0.0,0,0,0,0.0,0.0,0,0,2,1,1,31,5,7,7,2,30,0.9642860000000001,0.419476,112,112,27,1,0.419476,112,0,0,0,0,0,155,290,19,0,19,0,28,0,27,0,28,77,0,27,0,155,290,19,0,19,0,28,0,27,0,28,77,0,27,0,0,0,26,0,35,0,0,6,0,0,0,1,0,0,1,0,0,0,19,0,0,0,0,0,0,0,0,0,0,0,0,0,0,12,16,0,6,0,0,0,0,0,0,0
45,1,225,2,0.0,0,0,0,0.0,0.0,0,0,1,1,1,21,4,1,1,4,14,0.25,0.48,84,80,1,3,0.48,84,1,1,0,0,1,91,181,10,7,10,7,10,2,3,0,10,42,2,3,0,91,181,10,7,10,7,10,2,3,0,10,42,2,3,0,0,0,14,0,2,0,0,0,0,0,0,0,0,0,0,0,0,2,7,0,0,0,0,0,0,0,0,0,0,0,0,0,0,0,0,0,7,0,0,0,0,0,0,0
10,1,68,2,0.0,0,0,0,0.0,0.0,0,0,7,0,0,7,1,0,0,1,8,0.0,0.0,0,0,0,8,0.0,0,0,0,0,0,0,52,59,0,0,0,0,7,0,7,0,7,28,0,7,0,52,59,0,0,0,0,7,0,7,0,7,28,0,7,0,0,0,18,14,0,0,0,0,0,0,0,1,0,0,0,0,0,0,17,0,0,0,0,0,7,0,0,0,0,0,0,0,0,0,0,0,0,0,0,7,0,0,0,0
34,1,139,2,0.357143,1,6,2,0.20754699999999998,0.34375,22,22,0,2,2,17,3,4,7,8,17,0.714286,0.396226,42,40,5,2,0.396226,42,2,2,0,0,1,64,106,4,10,0,5,9,0,6,2,19,30,2,16,4,64,106,4,10,0,5,9,0,6,2,19,30,2,16,4,0,0,30,1,1,0,0,0,0,17,0,0,0,0,0,0,0,1,11,0,0,0,0,0,0,0,0,0,0,0,0,0,0,0,0,0,2,1,0,0,0,0,0,0
34,1,92,2,0.0,0,0,0,0.0,0.0,0,0,1,1,1,13,3,1,1,2,12,0.0909091,0.189655,11,9,1,10,0.189655,11,1,1,0,0,1,47,59,3,5,3,5,10,0,10,2,10,16,0,10,2,47,59,3,5,3,5,10,0,10,2,10,16,0,10,2,0,0,23,0,4,0,0,4,0,0,0,0,0,0,0,0,0,0,23,0,0,0,0,0,0,0,0,0,0,0,0,0,0,0,0,0,0,0,0,0,0,0,0,0
35,1,184,2,0.686217,2,14,4,0.36,0.62069,54,54,1,2,2,30,3,1,6,1,13,0.454545,0.4,58,54,5,6,0.4,58,1,1,1,1,1,87,150,4,5,4,5,12,2,10,4,12,44,2,10,4,87,150,4,5,4,5,12,2,10,4,12,44,2,10,4,0,0,46,0,10,0,0,6,0,29,0,0,0,0,0,0,0,4,13,0,0,0,0,0,0,0,0,0,0,0,0,0,0,0,0,0,4,0,0,0,0,0,0,0
750,2,762,3,0.0,0,0,0,0.0,0.0,0,0,1,0,0,2,1,1,1,0,2,0.333333,0.375,6,6,1,2,0.375,6,2,2,0,0,1,10,13,1,1,1,1,2,0,2,0,6,2,0,6,0,10,13,1,1,1,1,2,0,2,0,6,2,0,6,0,0,0,5,0,0,0,0,0,0,0,0,0,0,0,0,0,0,0,5,0,0,0,0,0,0,0,0,0,0,0,0,0,0,0,0,0,0,0,0,0,0,0,0,0
149,2,599,3,0.117503,1,9,3,0.06651889999999999,0.103448,30,24,3,2,2,64,13,2,2,11,38,0.9629629999999999,0.42574300000000004,172,172,26,1,0.42574300000000004,172,0,0,0,0,0,232,451,31,0,31,0,27,3,26,0,27,108,3,26,0,232,451,31,0,31,0,27,3,26,0,27,108,3,26,0,0,0,45,0,38,0,0,6,0,17,0,1,0,0,0,1,0,1,15,0,0,0,0,0,0,0,0,0,0,0,0,0,0,12,19,0,11,0,0,0,0,0,0,0
608,2,626,3,0.0,0,0,0,0.0,0.0,0,0,0,1,1,4,2,1,1,2,4,0.333333,0.304348,7,7,1,2,0.304348,7,1,1,0,0,1,16,19,1,1,1,1,2,0,2,0,2,4,0,2,0,16,19,1,1,1,1,2,0,2,0,2,4,0,2,0,0,0,5,0,0,0,0,0,0,0,0,0,0,0,0,0,0,0,5,0,0,0,0,0,0,0,0,0,0,0,0,0,0,0,0,0,0,0,0,0,0,0,0,0
635,2,654,3,0.0,0,0,0,0.0,0.0,0,0,0,1,1,4,3,1,1,3,5,0.333333,0.291667,7,7,1,2,0.291667,7,1,1,0,0,1,17,20,1,1,1,1,2,0,2,0,2,5,0,2,0,17,20,1,1,1,1,2,0,2,0,2,5,0,2,0,0,0,5,0,1,0,0,0,0,0,0,0,0,0,0,0,0,1,5,0,0,0,0,0,0,0,0,0,0,0,0,0,0,0,0,0,0,0,0,0,0,0,0,0
34,1,98,2,0.0,0,0,0,0.0,0.0,0,0,1,2,2,11,1,1,1,2,6,0.6,0.376812,26,26,3,2,0.376812,26,0,0,0,0,0,43,65,4,0,4,0,4,0,4,0,4,18,0,4,0,43,65,4,0,4,0,4,0,4,0,4,18,0,4,0,0,0,5,1,0,0,0,0,0,0,0,0,0,0,0,0,0,1,5,0,0,0,0,0,0,0,0,0,0,0,0,0,0,0,0,0,0,0,0,0,0,0,0,0
30,1,50,2,0.0,0,0,0,0.0,0.0,0,0,4,0,0,4,2,9,0,0,4,0.2,0.461538,12,8,1,4,0.461538,12,1,1,6,6,1,14,21,0,0,0,0,4,0,4,0,4,0,0,4,0,14,21,0,0,0,0,4,0,4,0,4,0,0,4,0,0,0,2,0,0,0,0,0,0,0,0,1,0,0,0,0,0,0,1,0,0,0,0,0,0,0,0,0,0,0,0,0,0,0,0,0,0,0,0,0,0,0,0,0
470,2,471,3,0.0,0,0,0,0.0,0.0,0,0,0,0,0,0,0,1,0,0,0,1.0,0.777778,7,7,1,0,0.777778,7,0,0,0,0,0,2,2,0,0,0,0,0,0,0,0,0,0,0,0,0,2,2,0,0,0,0,0,0,0,0,0,0,0,0,0,0,0,0,0,0,0,0,0,0,0,0,0,0,0,0,0,0,0,0,0,0,0,0,0,0,0,0,0,0,0,0,0,0,0,0,0,0,0,0,0,0,0,0,0
168,2,170,3,0.0,0,0,0,0.0,0.0,0,0,0,0,0,0,0,1,0,0,0,0.0,0.0,0,0,0,1,0.0,0,0,0,0,0,0,3,3,1,0,1,0,0,1,0,0,0,0,1,0,0,3,3,1,0,1,0,0,1,0,0,0,0,1,0,0,0,0,7,0,0,0,0,0,0,0,0,0,0,0,0,0,0,0,3,0,0,0,0,0,0,0,0,0,0,0,0,0,0,0,0,0,4,0,0,0,0,0,0,0
172,2,175,3,0.0,0,0,0,0.0,0.0,0,0,0,0,0,0,0,5,0,0,0,0.0,0.0,0,0,0,1,0.0,0,0,0,0,0,0,4,4,2,0,2,0,0,2,0,0,0,0,2,0,0,4,4,2,0,2,0,0,2,0,0,0,0,2,0,0,0,0,7,0,0,0,0,0,0,0,0,0,0,0,0,0,0,0,3,0,0,0,0,0,0,0,0,0,0,0,0,0,0,0,0,0,4,0,0,0,0,0,0,0
77,2,102,3,0.0,0,0,0,0.0,0.0,0,0,0,1,1,5,3,1,0,1,5,0.0,0.0,0,0,0,5,0.0,0,0,0,0,0,0,23,26,0,4,0,4,4,0,4,0,4,8,0,4,0,23,26,0,4,0,4,4,0,4,0,4,8,0,4,0,0,0,11,0,0,0,0,0,0,0,0,0,0,0,0,0,0,0,11,0,0,0,0,0,0,0,0,0,0,0,0,0,0,0,0,0,0,0,0,0,0,0,0,0
79,2,143,3,0.0,0,0,0,0.0,0.0,0,0,0,1,1,5,6,1,0,1,5,0.0,0.0,0,0,0,5,0.0,0,0,0,0,0,0,34,40,0,4,0,4,4,0,4,0,4,15,0,4,0,57,65,2,4,2,4,8,0,8,0,12,20,0,12,0,0,0,29,0,2,0,0,0,0,0,0,1,0,0,2,0,0,0,28,0,0,0,0,0,0,0,0,0,0,0,0,0,0,0,0,0,0,0,0,0,0,0,0,0
86,2,130,3,0.0,0,0,0,0.0,0.0,0,0,0,1,1,5,5,1,0,1,5,0.0,0.0,0,0,0,5,0.0,0,0,0,0,0,0,32,41,1,4,1,4,4,0,4,0,4,15,0,4,0,36,45,3,4,3,4,4,2,4,0,4,15,2,4,0,0,0,20,0,5,0,0,0,0,0,0,0,0,0,0,0,0,5,14,0,0,0,0,0,0,0,0,0,0,0,0,0,0,0,0,0,6,0,0,0,0,0,0,0
132,2,147,3,0.0,0,0,0,0.0,0.0,0,0,1,2,2,3,2,1,0,1,2,0.0,0.0,0,0,0,2,0.0,0,2,2,0,0,1,14,16,1,0,1,0,1,0,1,0,5,6,0,5,0,14,16,1,0,1,0,1,0,1,0,5,6,0,5,0,0,0,5,0,2,0,0,0,0,0,0,0,0,0,1,0,0,0,5,0,0,0,0,0,0,0,0,0,0,0,0,0,0,1,0,0,0,0,0,0,0,0,0,0
83,2,164,3,0.0,0,0,0,0.0,0.0,0,0,5,0,0,7,4,1,1,1,8,0.0,0.0,0,0,0,7,0.0,0,0,0,0,0,0,38,48,2,1,2,1,7,0,6,0,7,13,0,6,0,69,82,2,1,2,1,10,0,9,0,14,29,0,13,0,0,0,28,2,4,0,0,0,0,0,0,2,0,0,0,0,0,5,26,0,0,0,0,0,0,0,0,0,0,0,0,0,0,0,0,1,0,0,0,0,0,0,0,0
38,1,78,2,0.0,0,0,0,0.0,0.0,0,0,1,1,1,3,6,0,0,4,6,0.5,0.193548,6,5,1,1,0.146341,6,0,0,0,0,0,25,31,1,0,1,0,2,0,1,0,2,11,0,1,0,35,41,1,0,1,0,4,0,3,0,12,15,0,11,0,0,0,17,0,4,0,0,0,0,0,0,0,0,0,1,0,0,3,17,0,0,0,0,0,0,0,0,0,0,0,0,0,0,0,0,0,0,0,0,0,0,0,0,0
38,1,189,2,0.0,0,0,0,0.0,0.0,0,0,2,2,2,29,5,2,10,4,18,0.28571399999999997,0.171429,24,22,4,10,0.171429,24,2,2,2,2,1,116,152,11,2,11,2,14,3,13,3,14,52,3,13,3,116,152,11,2,11,2,14,3,13,3,14,52,3,13,3,0,0,30,1,1,0,1,0,0,0,0,1,0,0,0,0,0,1,23,0,0,0,0,0,0,0,0,0,0,0,0,0,0,0,0,0,6,0,0,0,0,0,0,0
36,1,127,2,0.0,0,0,0,0.0,0.0,0,0,1,3,2,14,5,0,0,8,17,0.44444399999999995,0.275862,24,23,4,5,0.275862,24,3,3,0,0,1,63,92,13,2,2,0,9,0,8,0,23,32,3,21,3,63,92,13,2,2,0,9,0,8,0,23,32,3,21,3,0,0,15,0,0,0,0,0,0,0,0,0,0,0,0,0,0,0,13,0,0,0,0,0,0,0,0,0,0,0,0,0,0,0,0,0,2,0,0,0,0,0,0,0
29,1,52,2,0.0,0,0,0,0.0,0.0,0,0,0,0,0,3,2,1,1,3,6,1.0,0.62069,18,18,4,0,0.62069,18,3,3,0,0,1,11,24,11,2,0,0,3,0,3,0,17,3,3,16,3,11,24,11,2,0,0,3,0,3,0,17,3,3,16,3,0,0,2,0,0,0,0,0,0,0,0,0,0,0,0,0,0,0,0,0,0,0,0,0,0,0,0,0,0,0,0,0,0,0,0,0,2,0,0,0,0,0,0,0
24,1,29,2,0.0,0,0,0,0.0,0.0,0,0,1,0,0,1,1,1,0,0,1,0.5,0.5,6,6,1,1,0.5,6,1,1,0,0,1,6,6,0,0,0,0,1,0,1,0,1,1,0,1,0,6,6,0,0,0,0,1,0,1,0,1,1,0,1,0,0,0,3,0,0,0,0,0,0,0,0,0,0,0,0,0,0,0,3,0,0,0,0,0,0,0,0,0,0,0,0,0,0,0,0,0,0,0,0,0,0,0,0,0
30,1,53,2,0.0,0,0,0,0.0,0.0,0,0,1,1,1,3,2,1,0,1,3,0.5,0.25,7,6,1,1,0.25,7,1,1,0,0,1,21,24,2,1,2,1,2,0,1,0,2,10,0,1,0,21,24,2,1,2,1,2,0,1,0,2,10,0,1,0,0,0,5,0,0,0,0,0,0,0,0,0,0,0,0,0,0,0,5,0,0,0,0,0,0,0,0,0,0,0,0,0,0,0,0,0,0,0,0,0,0,0,0,0
37,1,84,2,0.0,0,0,0,0.0,0.0,0,0,2,1,1,9,2,0,0,5,12,0.2,0.2,10,10,1,4,0.2,10,4,4,0,0,1,40,48,7,2,1,1,7,0,4,0,17,14,0,13,0,40,48,7,2,1,1,7,0,4,0,17,14,0,13,0,0,0,18,0,1,0,0,0,0,0,0,1,0,0,0,0,0,1,17,0,0,0,0,0,0,0,0,0,0,0,0,0,0,0,0,0,0,0,0,0,0,0,0,0
34,1,81,2,0.0,0,0,0,0.0,0.0,0,0,1,2,2,9,2,1,1,5,11,0.14285699999999998,0.2,10,9,1,6,0.2,10,2,2,0,0,1,40,48,2,0,2,0,6,0,6,0,6,15,0,6,0,40,48,2,0,2,0,6,0,6,0,6,15,0,6,0,0,0,15,0,0,0,0,0,0,0,0,0,0,0,0,0,0,0,15,0,0,0,0,0,0,0,0,0,0,0,0,0,0,0,0,0,0,0,0,0,0,0,0,0
40,1,109,2,0.411483,1,4,1,0.314286,0.37931,22,22,2,3,3,12,2,0,0,5,12,0.2,0.216216,16,16,1,4,0.216216,16,4,4,0,0,1,58,70,7,2,1,1,7,0,4,0,17,27,0,13,0,58,70,7,2,1,1,7,0,4,0,17,27,0,13,0,0,0,30,0,1,0,0,0,0,12,0,1,0,0,0,0,0,1,17,0,0,0,0,0,0,0,0,0,0,0,0,0,0,0,0,0,0,0,0,0,0,0,0,0
35,1,88,2,0.0,0,0,0,0.0,0.0,0,0,1,1,1,9,2,0,0,5,11,0.28571399999999997,0.259259,14,13,2,5,0.259259,14,2,2,0,0,1,40,54,3,0,3,0,6,0,6,0,6,16,0,6,0,40,54,3,0,3,0,6,0,6,0,6,16,0,6,0,0,0,11,0,0,0,0,0,0,0,0,0,0,0,0,0,0,0,11,0,0,0,0,0,0,0,0,0,0,0,0,0,0,0,0,0,0,0,0,0,0,0,0,0
39,1,103,2,0.0,0,0,0,0.0,0.0,0,0,2,1,1,10,2,0,0,5,13,0.333333,0.19697,13,12,2,4,0.19697,13,4,4,0,0,1,53,65,9,2,3,1,8,0,5,0,18,21,0,14,0,53,65,9,2,3,1,8,0,5,0,18,21,0,14,0,0,0,18,0,1,0,0,0,0,0,0,1,0,0,0,0,0,1,17,0,0,0,0,0,0,0,0,0,0,0,0,0,0,0,0,0,0,0,0,0,0,0,0,0
22,1,143,2,0.0,0,0,0,0.0,0.0,0,0,1,2,2,23,1,1,1,0,9,0.625,0.25,29,28,5,3,0.25,29,2,2,0,0,1,87,122,3,0,3,0,9,0,7,0,9,43,0,7,0,87,122,3,0,3,0,9,0,7,0,9,43,0,7,0,0,3,15,1,0,0,0,0,0,0,0,0,0,0,0,0,0,0,15,0,0,0,0,0,0,0,0,0,0,0,0,0,0,0,0,0,0,3,0,1,0,0,0,0
40,1,122,2,0.345382,1,4,1,0.26506,0.318841,22,22,2,3,3,15,2,0,0,5,13,0.166667,0.197674,17,16,1,5,0.197674,17,4,4,0,0,1,69,83,7,2,1,1,8,0,5,0,18,33,0,14,0,69,83,7,2,1,1,8,0,5,0,18,33,0,14,0,0,0,32,0,1,0,0,0,0,12,0,1,0,0,0,0,0,1,19,0,0,0,0,0,0,0,0,0,0,0,0,0,0,0,0,0,0,0,0,0,0,0,0,0
32,1,37,2,0.0,0,0,0,0.0,0.0,0,0,1,0,0,1,1,0,0,0,1,1.0,0.571429,8,8,1,0,0.571429,8,3,3,0,0,1,6,6,1,0,0,0,1,0,0,0,6,1,0,5,0,6,6,1,0,0,0,1,0,0,0,6,1,0,5,0,0,0,2,0,0,0,0,0,0,0,0,0,0,0,0,0,0,0,2,0,0,0,0,0,0,0,0,0,0,0,0,0,0,0,0,0,0,0,0,0,0,0,0,0
11,1,47,2,0.0,0,0,0,0.0,0.0,0,0,2,0,0,2,1,1,0,2,4,1.0,0.725,29,29,3,0,0.725,29,3,3,0,0,1,11,37,9,2,1,0,2,0,2,0,58,2,0,51,0,11,37,9,2,1,0,2,0,2,0,58,2,0,51,0,0,0,2,0,0,0,0,0,0,0,0,1,0,0,0,0,0,0,0,0,0,0,0,0,0,0,0,0,0,0,0,0,0,0,0,0,1,0,0,0,0,0,0,0
46,1,1169,2,0.387836,8,48,16,0.21174400000000002,0.371567,238,230,3,3,3,120,4,4,3,1,57,0.7,0.421109,395,380,35,15,0.413534,440,2,2,1,1,1,543,992,8,2,8,2,56,0,49,0,56,367,0,49,0,624,1124,14,2,14,2,69,0,52,0,81,410,0,58,0,0,8,196,2,137,0,0,89,0,111,0,3,0,1,16,0,0,28,74,0,0,0,0,0,0,0,0,0,0,0,0,0,0,3,0,0,7,8,1,0,2,0,0,0
87,2,96,3,0.0,0,0,0,0.0,0.0,0,0,1,0,0,2,0,1,1,0,2,0.5,0.1,1,1,1,1,0.1,1,0,0,0,0,0,9,10,0,0,0,0,2,0,1,0,2,2,0,1,0,9,10,0,0,0,0,2,0,1,0,2,2,0,1,0,0,0,7,0,1,0,1,0,0,0,0,0,0,0,0,0,0,0,7,0,0,0,0,0,0,0,0,0,0,0,0,0,0,0,0,0,0,0,0,0,1,0,0,0
219,2,233,3,0.0,0,0,0,0.0,0.0,0,0,0,0,0,2,0,2,2,0,2,0.0,0.0,0,0,0,1,0.0,0,0,0,0,0,0,12,15,2,0,2,0,2,2,0,0,2,4,2,0,0,12,15,2,0,2,0,2,2,0,0,2,4,2,0,0,0,0,11,0,0,0,0,0,0,0,0,0,0,0,0,0,0,0,7,0,0,0,0,0,0,0,0,0,0,0,0,0,0,0,0,0,4,0,0,0,0,0,0,0
235,2,244,3,0.0,0,0,0,0.0,0.0,0,0,0,0,0,1,2,1,1,0,1,0.0,0.0,0,0,0,1,0.0,0,0,0,0,0,0,8,10,2,0,2,0,1,2,0,0,1,2,2,0,0,8,10,2,0,2,0,1,2,0,0,1,2,2,0,0,0,0,9,0,0,0,0,0,0,0,0,0,0,0,0,0,0,0,5,0,0,0,0,0,0,0,0,0,0,0,0,0,0,0,0,0,4,0,0,0,0,0,0,0
63,2,116,3,0.0,0,0,0,0.0,0.0,0,0,1,0,0,6,0,2,3,0,6,0.0,0.0238095,1,0,0,6,0.0238095,1,0,0,1,1,0,41,54,6,1,6,1,6,0,5,2,6,16,0,5,2,41,54,6,1,6,1,6,0,5,2,6,16,0,5,2,0,0,16,0,0,0,0,0,0,0,0,0,0,0,0,0,0,0,15,0,0,0,0,0,0,0,0,0,0,0,0,0,0,0,0,0,1,0,0,0,0,0,0,0
53,2,73,3,0.0,0,0,0,0.0,0.0,0,0,1,0,0,2,1,1,1,2,4,0.0,0.0,0,0,0,1,0.0,0,1,1,0,0,1,17,21,6,1,0,0,2,0,0,0,8,7,0,5,2,17,21,6,1,0,0,2,0,0,0,8,7,0,5,2,0,0,7,0,0,0,0,0,0,0,0,0,0,0,0,0,0,0,7,0,0,0,0,0,0,0,0,0,0,0,0,0,0,0,0,0,0,0,0,0,0,0,0,0
69,42,81,4,0.0,0,0,0,0.0,0.0,0,0,1,1,1,3,4,0,0,3,4,0.0,0.0,0,0,0,2,0.0,0,0,0,0,0,0,13,13,0,0,0,0,1,0,1,0,1,6,0,1,0,13,13,0,0,0,0,1,0,1,0,1,6,0,1,0,0,0,5,0,0,0,0,0,0,0,0,0,0,0,0,0,0,0,5,0,0,0,0,0,0,0,0,0,0,0,0,0,0,0,0,0,0,0,0,0,0,0,0,0
331,32,336,5,0.0,0,0,0,0.0,0.0,0,0,1,0,0,1,3,0,0,2,3,0.0,0.0,0,0,0,2,0.0,0,0,0,0,0,0,6,6,0,0,0,0,1,0,1,0,1,1,0,1,0,6,6,0,0,0,0,1,0,1,0,1,1,0,1,0,0,0,5,0,0,0,0,0,0,0,0,0,0,0,0,0,0,0,5,0,0,0,0,0,0,0,0,0,0,0,0,0,0,0,0,0,0,0,0,0,0,0,0,0
344,31,352,4,0.0,0,0,0,0.0,0.0,0,0,1,1,1,2,6,0,0,6,7,0.0,0.0,0,0,0,2,0.0,0,0,0,0,0,0,9,9,0,0,0,0,1,0,1,0,1,3,0,1,0,9,9,0,0,0,0,1,0,1,0,1,3,0,1,0,0,0,5,0,0,0,0,0,0,0,0,0,0,0,0,0,0,0,5,0,0,0,0,0,0,0,0,0,0,0,0,0,0,0,0,0,0,0,0,0,0,0,0,0
358,31,363,4,0.0,0,0,0,0.0,0.0,0,0,1,0,0,1,3,0,0,2,3,0.0,0.0,0,0,0,2,0.0,0,0,0,0,0,0,6,6,0,0,0,0,1,0,1,0,1,1,0,1,0,6,6,0,0,0,0,1,0,1,0,1,1,0,1,0,0,0,5,0,0,0,0,0,0,0,0,0,0,0,0,0,0,0,5,0,0,0,0,0,0,0,0,0,0,0,0,0,0,0,0,0,0,0,0,0,0,0,0,0
51,35,58,4,0.0,0,0,0,0.0,0.0,0,0,1,0,0,1,1,0,0,0,1,0.0,0.0,0,0,0,2,0.0,0,0,0,0,0,0,8,8,0,0,0,0,1,0,1,0,1,3,0,1,0,8,8,0,0,0,0,1,0,1,0,1,3,0,1,0,0,0,5,0,0,0,0,0,0,0,0,0,0,0,0,0,0,0,5,0,0,0,0,0,0,0,0,0,0,0,0,0,0,0,0,0,0,0,0,0,0,0,0,0
87,1,974,2,0.0,0,0,0,0.0,0.0,0,0,2,3,3,109,5,5,13,13,42,1.0,0.283557,169,154,15,0,0.253254,214,0,0,0,0,0,427,612,28,3,28,3,29,0,14,1,29,262,0,14,1,631,888,42,11,42,11,57,0,36,2,57,353,0,36,2,0,1,103,8,28,0,2,0,0,0,0,2,0,2,9,0,0,13,91,2,0,0,0,0,0,0,1,0,0,0,0,0,0,3,4,3,8,0,0,2,0,0,0,0
39,1,233,2,0.0,0,0,0,0.0,0.0,0,0,1,2,2,33,8,1,1,18,33,0.28571399999999997,0.171271,31,30,4,10,0.171271,31,2,2,0,0,1,150,195,11,2,11,2,15,3,13,4,15,70,3,13,4,150,195,11,2,11,2,15,3,13,4,15,70,3,13,4,0,0,33,0,6,0,0,0,0,0,0,0,0,0,0,0,0,6,27,0,0,0,0,0,0,0,0,0,0,0,0,0,0,0,0,0,6,0,0,0,0,0,1,1
44,1,190,2,0.0,0,0,0,0.0,0.0,0,0,1,4,4,21,1,2,1,0,5,1.0,0.475862,69,62,5,0,0.451613,70,0,0,0,0,0,76,138,7,0,7,0,5,0,4,0,5,45,0,4,0,85,147,7,0,7,0,6,0,5,0,6,49,0,5,0,0,1,9,0,2,0,0,0,0,0,0,0,0,3,0,0,0,2,5,0,0,0,0,0,0,0,0,0,0,0,0,0,0,0,0,0,1,1,0,0,0,0,0,0
26,1,76,2,0.0,0,0,0,0.0,0.0,0,0,3,2,2,12,0,4,6,0,4,1.0,0.122449,6,5,1,0,0.122449,6,0,0,0,0,0,43,51,2,0,2,0,4,0,0,0,4,20,0,0,0,43,51,2,0,2,0,4,0,0,0,4,20,0,0,0,0,1,11,2,6,0,1,0,0,0,0,1,0,0,5,0,0,1,10,1,0,0,0,0,0,0,0,0,0,0,0,0,0,0,0,0,0,2,0,0,0,0,0,0
165,70,180,3,0.0,0,0,0,0.0,0.0,0,0,1,1,1,3,1,0,0,0,1,0.0,0.0588235,1,0,0,2,0.0588235,1,0,0,0,0,0,16,16,0,0,0,0,1,0,1,0,1,9,0,1,0,16,16,0,0,0,0,1,0,1,0,1,9,0,1,0,0,0,5,1,1,0,0,0,0,0,0,0,0,0,0,0,0,1,5,0,0,0,0,0,0,0,0,0,0,0,0,0,0,0,0,0,0,0,0,1,0,0,0,0
706,2,755,3,0.0,0,0,0,0.0,0.0,0,0,1,1,1,8,3,2,2,3,10,0.857143,0.227273,10,10,6,1,0.227273,10,0,0,0,0,0,34,50,5,4,5,4,7,0,6,0,7,12,0,6,0,34,50,5,4,5,4,7,0,6,0,7,12,0,6,0,0,0,7,3,2,0,0,0,0,0,0,0,0,0,0,0,0,2,7,0,0,0,0,0,0,0,0,0,0,0,0,0,0,0,0,3,0,0,0,0,0,0,0,0
757,76,762,3,0.0,0,0,0,0.0,0.0,0,0,1,0,0,1,0,0,0,0,1,0.0,0.166667,1,0,0,2,0.166667,1,0,0,0,0,0,5,6,0,0,0,0,1,0,1,0,1,0,0,1,0,5,6,0,0,0,0,1,0,1,0,1,0,0,1,0,0,0,3,0,0,0,0,0,0,0,0,0,0,0,0,0,0,0,3,0,0,0,0,0,0,0,0,0,0,0,0,0,0,0,0,0,0,0,0,0,0,0,0,0
765,2,917,3,0.0,0,0,0,0.0,0.0,0,0,1,2,2,20,4,5,6,7,15,0.875,0.25688099999999997,28,25,7,1,0.197183,28,0,0,0,0,0,81,116,4,1,4,1,8,0,7,0,8,40,0,7,0,114,153,4,1,4,1,13,0,11,0,13,53,0,11,0,0,1,24,0,2,0,1,0,0,0,0,1,0,0,0,0,0,2,23,1,0,0,0,0,0,0,0,0,0,0,0,0,0,0,0,0,0,0,0,0,0,0,0,0
919,2,973,3,0.0,0,0,0,0.0,0.0,0,0,1,2,2,10,2,2,9,0,6,0.0,0.11363599999999999,5,5,0,4,0.11363599999999999,5,0,0,0,0,0,39,55,5,3,5,3,6,0,3,1,6,17,0,3,1,39,55,5,3,5,3,6,0,3,1,6,17,0,3,1,0,0,15,1,2,0,0,0,0,0,0,0,0,0,0,0,0,3,15,0,0,0,0,0,0,0,0,0,0,0,0,0,0,0,0,0,0,0,0,0,0,0,0,0
880,3,916,4,0.0,0,0,0,0.0,0.0,0,0,4,1,1,9,1,1,1,0,5,0.0,0.0,0,0,0,5,0.0,0,0,0,0,0,0,33,37,0,0,0,0,5,0,4,0,5,13,0,4,0,33,37,0,0,0,0,5,0,4,0,5,13,0,4,0,0,0,14,0,0,0,0,0,0,0,0,1,0,0,0,0,0,0,13,0,0,0,0,0,0,0,0,0,0,0,0,0,0,0,0,0,0,0,0,0,0,0,0,0
147,74,157,5,0.0,0,0,0,0.0,0.0,0,0,1,1,1,4,1,0,0,0,1,0.0,0.08333330000000001,1,0,0,2,0.08333330000000001,1,0,0,0,0,0,11,11,0,0,0,0,1,0,1,0,1,4,0,1,0,11,11,0,0,0,0,1,0,1,0,1,4,0,1,0,0,0,5,0,1,0,0,0,0,0,0,0,0,0,0,0,0,1,5,0,0,0,0,0,0,0,0,0,0,0,0,0,0,0,0,0,0,0,0,0,0,0,0,0
79,5,104,6,0.0,0,0,0,0.0,0.0,0,0,0,0,0,1,0,4,7,0,1,1.0,0.666667,16,16,1,0,0.666667,16,0,0,0,0,0,8,26,3,0,3,0,1,0,0,0,1,1,0,0,0,8,26,3,0,3,0,1,0,0,0,1,1,0,0,0,0,0,2,0,4,0,0,0,0,0,0,0,0,0,3,0,0,0,2,0,0,0,0,0,0,0,0,0,0,0,0,0,0,1,0,0,0,0,0,0,0,0,0,0
1013,5,1110,6,0.0,0,0,0,0.0,0.0,0,0,1,4,2,17,2,2,0,1,9,0.25,0.293478,27,23,1,3,0.293478,27,0,0,2,2,0,65,98,3,0,3,0,8,0,3,0,8,38,0,3,0,65,98,3,0,3,0,8,0,3,0,8,38,0,3,0,0,0,13,0,17,0,0,9,0,0,0,0,0,0,5,0,0,2,13,0,0,0,0,0,0,0,0,0,0,0,0,0,0,1,0,0,0,0,0,0,0,0,0,0
1113,5,1116,6,0.0,0,0,0,0.0,0.0,0,0,2,0,0,2,3,1,0,0,2,1.0,0.2,1,1,1,0,0.2,1,1,1,0,0,1,4,4,3,0,0,0,2,0,0,0,8,2,0,3,0,4,4,3,0,0,0,2,0,0,0,8,2,0,3,0,0,0,7,0,3,0,0,0,0,0,0,1,0,0,2,0,0,0,6,0,0,0,0,0,0,0,0,0,0,0,0,0,0,1,0,0,0,0,0,0,0,0,0,0
1119,5,1122,6,0.0,0,0,0,0.0,0.0,0,0,2,0,0,2,3,1,0,0,2,1.0,0.2,1,1,1,0,0.2,1,1,1,0,0,1,4,4,3,0,0,0,2,0,0,0,8,2,0,3,0,4,4,3,0,0,0,2,0,0,0,8,2,0,3,0,0,0,7,0,2,0,0,0,0,0,0,1,0,0,2,0,0,0,6,0,0,0,0,0,0,0,0,0,0,0,0,0,0,0,0,0,0,0,0,0,0,0,0,0
81,29,102,4,0.0,0,0,0,0.0,0.0,0,0,1,3,3,3,2,0,0,1,2,0.0,0.0,0,0,0,2,0.0,0,0,0,0,0,0,22,22,0,0,0,0,1,0,1,0,1,12,0,1,0,22,22,0,0,0,0,1,0,1,0,1,12,0,1,0,0,0,5,0,1,0,0,0,0,0,0,0,0,0,0,0,0,1,5,0,0,0,0,0,0,0,0,0,0,0,0,0,0,0,0,0,0,0,0,0,0,0,0,0
62,60,67,4,0.0,0,0,0,0.0,0.0,0,0,1,0,0,1,1,0,0,1,2,0.0,0.0,0,0,0,2,0.0,0,0,0,0,0,0,6,6,0,0,0,0,1,0,1,0,1,1,0,1,0,6,6,0,0,0,0,1,0,1,0,1,1,0,1,0,0,0,5,0,0,0,0,0,0,0,0,0,0,0,0,0,0,0,5,0,0,0,0,0,0,0,0,0,0,0,0,0,0,0,0,0,0,0,0,0,0,0,0,0
64,61,69,4,0.0,0,0,0,0.0,0.0,0,0,1,0,0,1,1,0,0,1,2,0.0,0.0,0,0,0,2,0.0,0,0,0,0,0,0,6,6,0,0,0,0,1,0,1,0,1,1,0,1,0,6,6,0,0,0,0,1,0,1,0,1,1,0,1,0,0,0,5,0,0,0,0,0,0,0,0,0,0,0,0,0,0,0,5,0,0,0,0,0,0,0,0,0,0,0,0,0,0,0,0,0,0,0,0,0,0,0,0,0
139,3,142,4,0.0,0,0,0,0.0,0.0,0,0,0,0,0,0,0,3,0,0,0,0.0,0.0,0,0,0,1,0.0,0,0,0,0,0,0,4,4,2,0,2,0,0,0,0,0,0,0,0,0,0,4,4,2,0,2,0,0,0,0,0,0,0,0,0,0,0,0,3,0,2,0,0,0,0,0,0,0,0,0,2,0,0,0,3,0,0,0,0,0,0,0,0,0,0,0,0,0,0,0,0,0,0,0,0,0,0,0,0,0
65,61,70,4,0.0,0,0,0,0.0,0.0,0,0,1,0,0,1,1,0,0,1,2,0.0,0.0,0,0,0,2,0.0,0,0,0,0,0,0,6,6,0,0,0,0,1,0,1,0,1,1,0,1,0,6,6,0,0,0,0,1,0,1,0,1,1,0,1,0,0,0,5,0,0,0,0,0,0,0,0,0,0,0,0,0,0,0,5,0,0,0,0,0,0,0,0,0,0,0,0,0,0,0,0,0,0,0,0,0,0,0,0,0
90,3,93,4,0.0,0,0,0,0.0,0.0,0,0,0,0,0,0,0,1,0,0,0,0.0,0.0,0,0,0,1,0.0,0,0,0,0,0,0,4,4,2,0,2,0,0,2,0,0,0,0,2,0,0,4,4,2,0,2,0,0,2,0,0,0,0,2,0,0,0,0,7,0,0,0,0,0,0,0,0,0,0,0,0,0,0,0,3,0,0,0,0,0,0,0,0,0,0,0,0,0,0,0,0,0,4,0,0,0,0,0,0,0
110,110,127,12,0.0,0,0,0,0.0,0.0,0,0,3,0,0,3,3,0,0,0,3,0.0,0.0,0,0,0,4,0.0,0,2,2,0,0,1,16,18,0,0,0,0,3,0,3,0,7,4,0,7,0,16,18,0,0,0,0,3,0,3,0,7,4,0,7,0,0,0,10,0,0,0,0,0,0,0,0,1,0,0,0,0,0,0,9,0,0,0,0,0,0,0,0,0,0,0,0,0,0,0,0,0,0,0,0,0,0,0,0,0
127,49,133,12,0.0,0,0,0,0.0,0.0,0,0,1,0,0,1,2,0,0,0,1,0.0,0.0,0,0,0,2,0.0,0,1,1,0,0,1,7,7,0,0,0,0,1,0,1,0,1,1,0,1,0,7,7,0,0,0,0,1,0,1,0,1,1,0,1,0,0,0,5,0,0,0,0,0,0,0,0,0,0,0,0,0,0,0,5,0,0,0,0,0,0,0,0,0,0,0,0,0,0,0,0,0,0,0,0,0,0,0,0,0
110,100,145,5,0.0,0,0,0,0.0,0.0,0,0,3,1,1,8,3,0,0,1,4,0.0,0.0,0,0,0,4,0.0,0,2,2,0,0,1,33,36,0,0,0,0,3,0,3,0,7,16,0,7,0,33,36,0,0,0,0,3,0,3,0,7,16,0,7,0,0,0,10,1,0,0,0,0,0,0,0,1,0,0,0,0,0,1,9,0,0,0,0,0,0,0,0,0,0,0,0,0,0,0,0,0,0,0,0,0,0,0,0,0
62,90,68,4,0.0,0,0,0,0.0,0.0,0,0,1,0,0,1,1,0,0,0,1,0.0,0.0,0,0,0,2,0.0,0,2,2,0,0,1,7,7,0,0,0,0,1,0,1,0,5,2,0,5,0,7,7,0,0,0,0,1,0,1,0,5,2,0,5,0,0,0,5,0,0,0,0,0,0,0,0,0,0,0,0,0,0,0,5,0,0,0,0,0,0,0,0,0,0,0,0,0,0,0,0,0,0,0,0,0,0,0,0,0
70,90,76,4,0.0,0,0,0,0.0,0.0,0,0,1,0,0,1,1,0,0,0,1,0.0,0.0,0,0,0,2,0.0,0,2,2,0,0,1,7,7,0,0,0,0,1,0,1,0,5,2,0,5,0,7,7,0,0,0,0,1,0,1,0,5,2,0,5,0,0,0,5,0,0,0,0,0,0,0,0,0,0,0,0,0,0,0,5,0,0,0,0,0,0,0,0,0,0,0,0,0,0,0,0,0,0,0,0,0,0,0,0,0
